pickd_name,matched_by,orders,fsm_candidates,fsm_recipient_ids_and_addresses
WHEELIES LLC,name,24,6,"1190300 (171 S MULBERRY STREET, WILMINGTON OH 45177) | WHEELIES INC (176 ROUTE 70, MEDFORD NJ 08055) | WHEELIES 171 (171 S MULBERRY STREET, WILMINGTON OH 45177) | 1190100 (176 ROUTE 70 SUITE 1, MEDFORD NJ 08055) | WHEELIES LLC (176 ROUTE 70, MEDFORD NJ 08055) | WHEELIES (176 ROUTE 70, MEDFORD NJ 08055)"
SPORTS ADDICTION,name,19,2,"SPORTSADDICTIO (70 PENNINGTON DRIVE, BLUFFTON SC 29910) | 940500 (200 OKATIE VILLAGE SUITE 101, BLUFFTON SC 29909)"
PERKIOMEN BICYCLES LLC,name,16,4,"PERKIOMEN  (160 MAIN STREET, SCHWENKSVILLE PA 19473) | PERKIOMEN BICYCLES LLC (160 MAIN STREET, SCHWENKSVILLE PA 19473) | PERKIOMEN (160 MAIN STREET, SCHWENKSVILLE PA 19473) | 1171900 (160 MAIN STREET, SCHWENKSVILLE PA 19473)"
TUCKER CYCLES,name,14,3,"1049500 (3544 ST JOHNS AVE, JACKSONVILLE FL 32205) | TUCKER CYCLES (3544 ST JOHNS AVENUE, JACKSONVILLE FL 32205) | TUCKER CYCKES (3544 ST JOHNS AVE, JACKSONVILLE FL 32205)"
"TWO WHEELER DEALER,INC",name,14,5,"TWO WHEELER DEALER (4408 WRIGHTSVILLE AVENUE, WILMINGTON NC 28403) | 1071000 (4408 WRIGHTSVILLE AVENUE, WILMINGTON NC 28403) | TWO WHEELER NC (4408 WRIGHTSVILLE AVENUE, WILMINGTON NC 28403) | TWO WHEELER DEALER INC (4408 WRIGHTSVILLE AVENUE, WILMINGTON NC 28403) | TWO WHEELER SD (3315 SOUTH SPRING AVENUE, SIOUX FALLS SD 57105)"
PEDAL PUSHERS INC,name,14,4,"837800 (546 BALTIMORE ANNAPOLIS BLVD, SEVERNA PARK MD 21146) | PEDAL PUSHERS INC (546 BALTIMORE ANNAPOLIS BLVD, SEVERNA PARK MD 21146) | PEDAL PUSHERS (546 BALTIMORE ANNAPOLIS BLVD, SEVERNA PARK MD 21146) | PEDAL (546 Baltimore AND Annapolis RD, Severna Park MD 21146)"
WERSELLS BIKE SHOP,name,13,3,"1109600 (2860 WEST CENTRAL AVENUE, TOLEDO OH 43606) | WERSELLS BIKE SHOP (2860 WEST CENTRAL AVENUE, TOLEDO OH 43606) | WERSELLS (2860 WEST CENTRAL AVENUE, TOLEDO OH 43606)"
BIKENETIC,name,12,3,"BIKNETIC (201 WEST JEFFERSON STREET, FALLS CHURCH VA 22046) | 680900 (201 WEST JEFFERSON STREET, FALLS CHURCH VA 22046) | BIKENETIC (201 WEST JEFFERSON STREET, FALLS CHURCH VA 22046)"
DIXON BICYCLES SHOP INC,name,12,2,"DIXON BICYCLES (792 UNION STREET, BROOKLYN NY 11215) | DIXON BICYCLES SHOP INC (792 UNION STREET, BROOKLYN NY 11215)"
BIKE PLANT,name,11,2,"133500 (175 TOMPKINS AVENUE, BROOKLYN NY 11206) | BIKE PLANT (175 TOMPKINS AVENUE, BROOKLYN NY 11206)"
ENDLESS TRAIL BIKEWORX,name,11,5,"444 (56 Main Street, Dobbs Ferry NY 10522) | ENDLESS TRAIL BIKEWORX (62 MAIN STREET, DOBBS FERRY NY 10522) | ENDLESS (56 MAIN STREET, DOBBS FERRY NY 10522) | 444500 (62 MAIN STREET, DOBBS FERRY NY 10522) | 4445 (56 MAIN STREET, DOBBS FERRY NY 10522)"
THE BIKE STAND INC,name,11,3,"94500 (1757 EAST 2ND STREET, SCOTCH PLAINS NJ 07076) | THE BIKE STAND INC (1757 EAST 2ND STREET, SCOTCH PLAINS NJ 07076) | THE BIKE STAND (1757 EAST 2ND STREET, SCOTCH PLAINS NJ 07076)"
CHARLESTON BICYCLE COMPANY,name,11,4,"CHARLESTON 1319 (1319A SAVANNAH HIGHWAY, CHARLESTON SC 29407) | CHARLESTON BICYCLE COMPAN (1319A SAVANNAH HWY, CHARLESTON SC 29407) | CHARLESTON BICYCLE (1319A  SAVANNAH HIGHWAY, CHARLESTON SC 29407) | 227900 (1319A SAVANNAH HIGHWAY, CHARLESTON SC 29407)"
"MATTHEWS BICYCLE MART, INC",name,9,3,"709900 (7272 PENDLETON PIKE, INDIANAPOLIS IN 46226) | MATTHEWS BICYCLE MART  (7272 PENDLETON PIKE, INDIANAPOLIS IN 46226) | MATTHEWS BICYCLE (7272 PENDLETON PIKE, INDIANAPOLIS IN 46226)"
KOZY'S CYCLERY,name,9,9,"KOZY CHICAGO (219 WEST ERIE, CHICAGO IL 60654) | 757502 (219 WEST ERIE, CHICAGO IL 60654) | KOZY'S 2540 (2540 S. WABASH AVENUE, CHICAGO IL 60616) | KOZY'S CYCLERY (811 S.DESPLAINS, CHICAGO IL 60607) | KOZY'S 3255 (3255 N. MILWAUKEE AVE, CHICAGO IL 60618) | CHRIS BALLACK (811 S. Desplains, Chicago IL 60607)"
MOTORLESS MOTION INC,name,9,5,"MOTORLESS MOTION (121 SO. MAIN STREET, MOUNT PLEASANT MI 48858) | MOTORLESS  (121 SO. MAIN STREET, MOUNT PLEASANT MI 48858) | 730400 (121 SOUTH MAIN STREET, MT PLEASANT MI 48858) | MOTORLESS MOTIO INC. (121 SO. MAIN STREET, MOUNT PLEASANT MI 48858) | MOTORLESS MOTION INC (121 SO. MAIN STREET, MOUNT PLEASANT MI 48858)"
THE CAFFEINATED CYCLIST,name,9,2,"533200 (103 WEST JERSEY AVENUE, PITMAN NJ 08071) | THE CAFFEINATED CYCLIST (103 WEST JERSEY AVENUE, PITMAN NJ 08071)"
HORNING'S BIKE SHOP,name,8,3,"HORNING'S BIKE SHOP (941 MARTINDALE ROAD, EPHRATA PA 17522) | 541500 (941 MARTINDALE ROAD, EPHRATA PA 17522) | HORNING (941 MARTINDALE ROAD, EPHRATA PA 17522)"
JUST RIDING ALONG BICYCLE,name,8,2,"1126900 (6828 OLNEY-LAYTONSVILLE ROAD, LAYTONSVILLE MD 20882) | JUST RIDING ALONG BICYCLE (6828 OLNEY-LAYTONSVILLE ROAD, LAYTONSVILLE MD 20882)"
LOWCOUNTRY BICYCLES,name,8,2,"264100 (102 SEA ISLAND PKWY  STE 1, BEAUFORT SC 29907) | LOWCOUNTRY BICYCLES INC (102 SEA ISLAND PKWY, BEAUFORT SC 29907)"
BORDER BICYCLE,name,8,3,"299500 (1861 JOE BATTLE BLVD, EL PASO TX 79936) | BORDER BICYCLE (4650 WOODROW BEAN TRANSMTN DR., EL PASO TX 79924) | BORDER BICYCLES (1861 JOE BATTLE BLVD STE 3-4, EL PASO TX 79936)"
MAIN STREET BICYCLE CO.,name,8,3,"MAIN STREET (201 E MAIN STREET, ZEELAND MI 49464) | MAIN STREET BIC (5340 Plaza Drive, HUDSONVILLE MI 49426) | 950600 (201 E. MAIN STREET, ZEELAND MI 49464)"
BELMAR BIKE SHOP LLC,name,8,2,"2828 (1318 MAIN STREET, BELMAR NJ 07719) | BELMAR BIKE SHOP LLC (1318 MAIN STREET, BELMAR NJ 07719)"
FLAGLER BIKE N' COFFEE SHOP,name,8,3,"FLAGLER BIKE N' COFFEE SH (109 FLAGLER PLAZA DR, PALM COAST FL 32137) | 524200 (109 FLAGLER PLAZA DR, PALM COAST FL 32137) | FLAGLER (109 FLAGLER PLAZA DR, PALM COAST FL 32137)"
CLINTON BICYCLE SHOP LLC,name,8,4,"CLINTON BICYCLE SHOP (51 MAIN STREET, CLINTON NJ 08809) | 202500 (51 MAIN STREET, CLINTON NJ 08809) | CLINTON BIKE SHOP (51 MAIN STREET, CLINTON NJ 08809) | CLINTON BICYCLE SHOP LLC (51 MAIN STREET, CLINTON NJ 08809)"
FAIRVIEW CYCLE INC,name,8,4,"450900 (22230 LORAINE RD, FAIRVIEW PARK OH 44126) | FAIRVIEW (22230 LORAINE ROAD, FAIRVIEW PARK OH 44126) | IEW CYCLE (22230 LORAINE ROAD, FAIRVIEW PARK OH 44126) | FAIRVIEW CYCLE INC (22230 LORAINE RD, FAIRVIEW PARK OH 44126)"
BIKETEK LLC,name,8,6,"BIKETEK LLC (5842 FORBES AVENUE, PITTSBURGH PA 15217) | BIKETEK INC (957 CLOCK TOWER DRIVE, SPRINGFIELD IL 62704) | 864900 (5842 FORBES AVE, PITTSBURGH PA 15217) | 870800 (957 CLOCK TOWER DRIVE, SPRINGFIELD IL 62704) | 8708 (957 CLOCK TOWER DRIVE, SPRINGFIELD IL 62704) | BIKETEK (5842 FORBES AVENUE, PITTSBURGH PA 15217)"
BALTIMORE BICYCLE WORKS,name,8,5,"932100 (1813 FALLS ROAD, BALTIMORE MD 21201) | BALTIMORE (1813 FALLS ROAD, BALTIMORE MD 21201) | 932101 (518 E. BELVEDERE AVENUE, BALTIMORE MD 21212) | BALTIMORE 1813 (1813 FALLS ROAD, BALTIMORE MD 21201) | BALTIMORE BICYCLE WORKS (518 E BELVEDERE AVENUE, BALTIMORE MD 21212)"
DELUXX BICYCLES,name,8,3,"DELUXX BICYCLES  (720 CUMBERLAND STREET, LEBANON PA 17042) | DELUXX (720 CUMBERLAND STREET, LEBANON PA 17042) | 1049300 (720 CUMBERLAND STREET 1ST FL, LEBANON PA 17042)"
REAL BICYCLES,name,7,6,"752000 (581 US HWY 41 BYPASS, VENICE FL 34285) | 752001 (445 SOUTH INDIANA AVE, ENGLEWOOD FL 34223) | REAL  (445 S. INDIANA AVENUE, ENGLEWOOD FL 34223) | REAL BICYCLES (445 S. INDIANA AVENUE, ENGLEWOOD FL 34223) | REAL 581 (581 US HWY 41 BYPASS, VENICE FL 34285) | REAL BICYCLES 445 (445 S. INDIANA AVENUE, ENGLEWOOD FL 34223)"
MIAMI BEACH BICYCLE CENTER INC,name,7,2,"867200 (746-5TH STREET, MIAMI BEACH FL 33139) | MIAMI BEACH BICYCLE CENTE (746-5TH STREET, MIAMI BEACH FL 33139)"
CYCLE DYNAMICS,name,7,4,"000277700 (971 POST ROAD EAST, WESTPORT CT 06880) | CYCLE D (10225 TELEPHONE RD A1, VENTURA CA 93006) | 277700 (971 POST ROAD EAST, WESTPORT CT 06880) | CYCLE DYNAMICS (971 POST ROAD EAST, WESTPORT CT 06880)"
DG CYCLE SPORTS,name,7,3,"408000 (44 NASHUA ROAD - UNIT 20B, LONDONDERRY NH 03053) | 408001 (75 RAILROAD AVE, EPPING NH 03042) | DG CYCLE SPORTS (75 RAILROAD AVE, EPPING NH 03042)"
BRIELLE CYCLERY INC,name,7,2,"BRIELLE CYCLERY (205 UNION AVENUE, BRIELLE NJ 08730) | 205300 (205 UNION AVENUE, BRIELLE NJ 08730)"
PEDAL PUSHER,name,7,6,"PEDAL PUSHER PA (3798 WALNUT STREET, HARRISBURG PA 17109) | 838000 (3798 WALNUT STREET, HARRISBURG PA 17109) | PEDAL 3798 (3798 WALNUT STREET, HARRISBURG PA 17109) | PEDAL PUSHERS-PA (3798 WALNUT STREET, HARRISBURG PA 17109) | PEDAL PUSHER 3798 (3798 WALNUT STREET, HARRISBURG PA 17109) | PEDAL PUSHER (3798 WALNUT STREET, HARRISBURG PA 17109)"
BLACK SADDLE BIKE SHOP,name,7,2,"749400 (601 N. SHERMAN AVE STE F, MADISON WI 53704) | BLACK SADDLE BIKE SHOP (601 N SHERMAN AVE., MADISON WI 53704)"
SIC TRANSIT CYCLES,name,7,4,"SIC TRANSIT CYCLES (1033 BROADWAY, ANN ARBOR MI 48105) | SIC  (1002 PONTIAC TRAIL, ANN ARBOR MI 48105) | 830700 (1002 PONTIAC TRAIL, ANN ARBOR MI 48105) | 830701 (1002 PONTIAC TRAIL, ANN ARBOR MI 48105)"
LIGHTHOUSE BIKES,name,6,2,"599500 (72 OCEAN ST- UNIT 106, SOUTH PORTLAND ME 04106) | LIGHTHOUSE BIKES (37  OCEAN STREET, SOUTH PORTLAND ME 04106)"
WILMETTE BICYCLE & SPORT SHOP,name,6,3,"000855000 (605 GREEN BAY ROAD, WILMETTE IL 60091) | WILMETTE (605 GREEN BAY ROAD, WILMETTE IL 60091) | 855000 (605 GREEN BAY ROAD, WILMETTE IL 60091)"
MC CYCLE & SPORT,name,6,4,"MC CYCLE (574 MAIN STREET, LACONIA NH 03246) | MC CYCLE & SPORT (574 MAIN STREET, LACONIA NH 03246) | 1083900 (574 MAIN STREET, LACONIA NH 03246) | MC  (574 MAIN STREET, LACONIA NH 03246)"
"COOL CAT CYCLES, LLC",name,6,10,"COOL CAT   (22010 WESTHEIMER PKWY, KATY TX 77450) | COOL CAT (3511 HARBOUR CHASE DR, KATY TX 774508060) | COOL CAT  CYCLES (22756 WESTHEIMER PKWY UNIT 140, KATY TX 77450) | COOL CAT CYCLES (22010 WESTHEIMER PKWY, KATY TX 77450) | COOL CAT CYCLES  (22010 WESTHEIMER PKWY, KATY TX 77450) | 714700 (22010 WESTHEIMER PARKWAY, KATY TX 77450)"
BICYCLE HANGAR DOWNTOWN,name,6,2,"BICYCLE HANG (424 N HIGGINS AVE, MISSOULA MT 59802) | BICYCLE HANGAR (1801 BROOKS, MISSOULA MT 59801)"
BOULEVARD BIKES LLC,name,6,2,"99100 (2769 N. MILWAUKEE AVE, CHICAGO IL 60647) | BOULEVARD BIKES (2769 N. MILWAUKEE AVENUE, CHICAGO IL 60647)"
BIKE ZONE FALMOUTH,name,6,2,"787700 (13 COUNTY ROAD, NORTH FALMOUTH MA 02556) | BIKE ZONE FALMOUTH (13 COUNTY ROAD, NORTH FALMOUTH MA 02556)"
MOJO BICYCLE SHOP,name,6,2,"MOJO (1377 NORTH DELSEA DRIVE, VINELAND NJ 08360) | 738500 (1377 N. DELSEA DR, VINELAND NJ 08360)"
CENTER STREET CYCLES,name,6,2,"CENTER STREET CYCLES (11 CENTER STREET, BRUNSWICK ME 04011) | 297500 (11 CENTER STREET, BRUNSWICK ME 04011)"
CEDAR CYCLES,name,6,2,"220800 (38 E. 200 S., CEDAR CITY UT 84720) | CEDAR CYCLES (38 E. 200 SOUTH, CEDAR CITY UT 84720)"
CYCLE WORKS,name,6,4,"280700 (207 HELLAM STREET, WRIGHTSVILLE PA 17368) | CYCLE WORKS (207 HELLAM STREET, WRIGHTSVILLE PA 17368) | 782522 (207 HellMAN STREET, Wrightsville PA 17368) | CYCLE WORKS - CA (1420 MISSION STREET, SANTA CRUZ CA 95060)"
BRANDS CYCLE CENTER,name,6,3,"BRANDS  (373 BURNS AVENUE, WANTAGH NY 11793) | 18200 (1966 Wantagh Avenue, Wantagh NY 11793) | BRANDS CYCLE CENTER (1966 WANTAGH AVENUE, WANTAGH NY 11793)"
BLUE LINE BICYCLE LAB,name,6,4,"001136100 (1504 YALE STREET, HOUSTON TX 77008) | BLUE LINE 1504 (1504 YALE STREET, HOUSTON TX 77008) | BLUE LINE BICYCLE LAB (1504 YALE STREET, HOUSTON TX 77008) | 1136100 (1504 YALE STREET, HOUSTON TX 77008)"
10538 BICYCLES INC,name,6,2,"10538 BICYCLES INC (146 LARCHMONT AVENUE, LARCHMONT NY 10538) | 10538 BICYCLES (146 LARCHMONT AVENUE, LARCHMONT NY 10538)"
PEAK MOUNTAINBIKE PRO,name,6,2,"585400 (42-42 235TH STREET, DOUGLASTON NY 11363) | PEAK MOUNTAINBIKE PRO (42-42 235TH ST., DOUGLASTON NY 11363)"
CYCLE SYMPHONY,name,5,3,"716900 (6565 STATE ROUTE 30, JEANNETTE PA 15644) | 716901 (195 MAIN STREET, ADAMSBURG PA 15611) | CYCLE SYMPHONY (6565 STATE ROUTE 30, JEANNETTE PA 15644)"
COUNTY LINE BICYCLE SHOP,name,5,2,"COUNTY LINE BICYCLE SHOP (5305 S. 1200 W, MILLERSBURG IN 46543) | 875500 (5305 S.1200 W, MILLERSBURG IN 46543)"
TRULY SPOKEN CYCLES,name,5,3,"780500 (604 East Center Street, Milwaukee WI 53212) | TRULY (604 EAST CENTER STREET, MILWAUKEE WI 53212) | TRULY SPOKEN CYCLES (604 EAST CENTER STREET, MILWAUKEE WI 53212)"
FREEWHEELER BIKE SHOP,name,5,4,"FREEWHEELER 915 (915 LEONARD STREET NW, GRAND RAPIDS MI 49504) | 462601 (915 LEONARD STREET NW, GRAND RAPIDS MI 49504) | FREEWHEELER (915 LEONARD ST NW, GRAND RAPIDS MI 495044133) | FREEWHEELER BIKE SHOP (4235 RIVERBEND DR SW, GRAND RAPIDS MI 49534)"
BERNIE'S CYCLE & FITNESS,name,5,2,"551000 (111 ROUTE 33, HAMILTON NJ 08619) | BERNIE'S CYCLE & FITNESS (111 ROUTE 33, HAMILTON NJ 08619)"
LIFE CYCLE BIKE SHOP,name,5,3,"LIFE CYCLE BIKE SHOP (1733 PEARL STREET, EUGENE OR 97401) | LIFE CYCLE 1733 (1733 PEARL STREET, EUGENE OR 97401) | 632500 (1733 PEARL STREET - SUITE B, EUGENE OR 97401)"
WYCKOFF CYCLE LLC,name,5,3,"WYCKOFF (396 FRANKLIN AVENUE, WYCKOFF NJ 07481) | 603400 (396 FRANKLIN AVE, WYCKOFF NJ 07481) | WYCKOFF CYCLE  (396 FRANKLIN AVE, WYCKOFF NJ 07481)"
SWEETGRASS CYCLES LLC,name,5,3,"SWEETGRASS CYCLES LLC (234 MATHIS FERRY ROAD, MOUNT PLEASANT SC 29464) | 440300 (234 MATHIS FERRY ROAD STE 103, MT. PLEASANT SC 29464) | SWEETGRASS (234 MATHIS FERRY ROAD, MOUNT PLEASANT SC 29464)"
CYCLE SPORT,name,5,2,"CYCLE SPORT PA (801 N PROVIDENCE RD, MEDIA PA 19063) | CYCLE SPORT (2125 NORTH PALAFOX, PENSACOLA FL 32501)"
CHESHIRE CYCLE & REPAIR,name,5,4,"412200 (3550 WHITNEY AVENUE, HAMDEN CT 06518) | CHESHIRE (3550 WHITNEY AVENUE, HAMDEN CT 06518) | CHESHIRE CYCLE (3550 WHITNEY AVENUE, HAMDEN CT 06518) | CHESHIRE CYCLE & REPAIR (3550 WHITNEY AVENUE, HAMDEN CT 06518)"
A1A CYCLE WORKS,name,5,3,"A1A CYCLE WORKS  (5543 A1A S, ST AUGUSTINE FL 32080) | 741800 (5543 A1A SOUTH   UNIT 103, SAINT AUGUSTINE FL 32080) | A1A CYCLE (5543 A1A S, ST AUGUSTINE FL 32080)"
MONTCLAIR BIKERY,name,5,3,"7250 (148 VALLEY ROAD, MONTCLAIR NJ 07042) | MONTCLAIR BIKERY (148 VALLEY ROAD, MONTCLAIR NJ 07042) | 725000 (148 VALLEY ROAD, MONTCLAIR NJ 07042)"
MAIN STREET BICYCLES,name,5,2,"MAIN STREET BICYCLES (39 EAST MAIN STREET, CARPENTERSVILLE IL 60110) | MAIN STREET IL (39 EAST MAIN STREET, CARPENTERSVILLE IL 60110)"
INTOWN BICYCLES,name,5,4,"INTOWN BICYCLES  (1035 MONROE DR N.E., ATLANTA GA 30306) | 633000 (1035 MONROE DR N.E., ATLANTA GA 30306) | 553900 (1035 MONROE DRIVE NORTHEAST, ATLANTA GA 30306) | INTOWN (1035 MONROE DR NE, ATLANTA GA 30306)"
MOUNTAIN VIEW CYCLERY&FITNESS,name,5,3,"MOUNTAIN VIEW  (8933 N COMMERCE DRIVE, HAYDEN ID 83835) | MOUNTAIN VIEW CYCLERY & F (8933 N COMMERCE DRIVE, HAYDEN ID 83835) | MOUNTAIN VIEW 8933 (8933 N. COMMERCE DRIVE, HAYDEN ID 83835)"
MYTHIC BIKE WORKS,name,5,3,"765201 (1425 KINGSTOWN ROAD, PEACE DALE RI 02879) | MYTHIC (1207 KINGSTOWN RD, PEACE DALE RI 02879) | MYTHIC BIKE WORKS (1207 KINGSTOWN ROAD, PEACE DALE RI 02879)"
RETRO CITY CYCLES,name,5,6,"RETRO CITY CYCLES 1810 (1810 N. ORANGE AVENUE, ORLANDO FL 32804) | RETRO (1810 N. ORANGE AVENUE, ORLANDO FL 32804) | RETRO CITY 355 (355 N RONALD REAGAN BLVD, LONGWOOD FL 32750) | 629900 (1810 N. ORANGE AVENUE, ORLANDO FL 32804) | RETRO CITY 3085 (3085 SE 80TH STREET #19, OCALA FL 34480) | RETRO CITY CYCLES (1810 N.ORANGE AVE, ORLANDO FL 32804)"
BIKE TECH,name,5,7,"BIKE TECH 3003 (3003 VINEVILLE AVE, MACON GA 31204) | 000440700 (909 2ND STREET, MACON GA 31201) | BIKE TECH BOOT (909 2ND STREET, MACON GA 31201) | BIKE TECH MACON (909 2ND STREET, MACON GA 31201) | 440700 (909 2ND STREET, MACON GA 31201) | BIKE TECH (CORAL) (2220 SW 22nd Street, MIAMI FL 33145)"
CYCLOPEDIA,name,4,2,"7486 (130 LITCHFIELD LANDINGS, PAWLEYS ISLAND SC 29585) | 748601 (130 LITCHFIELD LANDINGS, PAWLEYS ISLAND SC 29585)"
Roscoe Village Bikes,name,4,4,"ROSCOE (2016 WEST ROSCOE STREET, CHICAGO IL 60618) | 872100 (2016 W. ROSCOE, CHICAGO IL 60618) | 8/721 (2016 Roscoe Street, Chicago IL 60618) | ROSCOE VILLAGE BIKES (2016 W ROSCOE, CHICAGO IL 60618)"
NEWSWANGER BIKE SHOP,name,4,2,"NEWSWANGER BIKE SHOP (166 EMORY OAK LANE, ROARING SPRING PA 16673) | 763500 (166 EMORY OAK LANE, ROARING SPRING PA 16673)"
PEDAL & SPOKE LTD,name,4,2,"PEDAL & SPOKE (157 S. LINCOLNWAY ST, NORTH AURORA IL 60542) | 830100 (157 S. LINCOLNWAY ST, NORTH AURORA IL 60542)"
FAIRMOUNT BICYCLE COMPANY,name,4,5,"FAIRMOUNT 2819 (2819 W. GIRARD AVE., PHILADELPHIA PA 19130) | FAIRMONT BICYCLE COMPANY (2015 FAIRMOUNT AVENUE, PHILADELPHIA PA 19130) | 441200 (2015 FAIRMOUNT AVENUE, PHILADELPHIA PA 19130) | BREWERTON (2819 W. GIRARD AVE, PHILADELPHIA PA 19130) | FAIRMOUNT (2015 FAIRMOUNT AVENUE, PHILADELPHIA PA 19130)"
CYCLE CLASSICS,name,4,2,"CYCLE CLASSICS (427 HIGH ST., PORTSMOUTH VA 23704) | 272600 (427 HIGH STREET, PORTSMOUTH VA 23704)"
ROSCOE VILLAGE BIKES,name,4,4,"ROSCOE (2016 WEST ROSCOE STREET, CHICAGO IL 60618) | 872100 (2016 W. ROSCOE, CHICAGO IL 60618) | 8/721 (2016 Roscoe Street, Chicago IL 60618) | ROSCOE VILLAGE BIKES (2016 W ROSCOE, CHICAGO IL 60618)"
LOYAL CYCLE CO,name,4,3,"712501 (15 EAST STATE STREET, FARMINGTON UT 84025) | LOYAL CYCLE CO (15 EAST STATE STREET, FARMINGTON UT 84025) | 712500 (15 EAST STATE STREET, FARMINTON UT 84025)"
THE CYCLE MILL BIKE SHOP,address,4,2,"CYCLE MILL (169 FREDERICK ROAD, ELLICOTT CITY MD 21043) | THE CYCLE MILL (169 FREDERICK ROAD, ELLICOTT CITY MD 21043)"
HILLSBORO BICYCLE CENTER INC,name,4,3,"HILLSBORO BICYCLE CENTER (3330 WEST HILLSBORO BLVD., DEERFIELD BEACH FL 33442) | 391500 (3330 W HILLSBORO BLVD, DEERFIELD BEACH FL 33442) | HILLSBORO (3330 W. HILLSBORO BLVD., DEERFIELD BEACH FL 33442)"
WAXHAW CYCLES,name,4,2,"WAXHAW CYCLES (3617 PROVIDENCE ROAD S, WAXHAW NC 28173) | 1096500 (3617 PROVIDENCE ROAD, WAXHAW NC 28173)"
KICKSTAND CULTURE,name,4,2,"605000 (654 MAIN STREET, EAST AURORA NY 14052) | KICKSTAND CULTURE (654 MAIN STREET, EAST AURORA NY 14052)"
M & M TWOWHEELER INC,name,4,5,"819300 (606 W. LANCASTER AVE 1ST FL, BRYN MAWR PA 19010) | M & M (606 W. LANCASTER AVENUE, BRYN MAWR PA 19010) | 8149300 (606 W. Lancaster Ave. 1st Floor, Bryn Mawr PA 19010) | M & M TWOWHEELER INC (606 W. LANCASTER AVENUE, BRYN MAWR PA 19010) | M&M (606 W. LANCASTER AVENUE, 1ST FL, BRYN MAWR PA 19010)"
FENWICK ISLANDER BICYCLE SHOP,name,4,3,"FENWICK (101-3 COASTAL HWY, FENWICK ISLAND DE 19944) | FENWICK ISLANDER BICYCLE  (101-3 COASTAL HWY, FENWICK ISLAND DE 19944) | 1053700 (101-3 COASTAL HWY, FENWICK ISLAND DE 19944)"
ISLAND HOPPERS BICYCLES,name,4,3,"ISLAND HOPPERS BICYCLES (570 MEADOW SUMMIT DRIVE, OCEAN ISLE BEACH NC 28469) | 577500 (570 MEADOW SUMMIT DRIVE  -  SUITE 7, OCEAN ISLE BEACH NC 28469) | ISLAND HOPPERS (570 MEADOW SUMMIT DRIVE, OCEAN ISLE BEACH NC 28469)"
SHORE BRAKE CYCLERY,name,4,3,"SHORE BRAKE CYCLERY (3801 LONG BEACH BLVD, BRANT BEACH NJ 08008) | SHORE BRAKE (674 BUCCANEER LANE, MANAHAWKIN NJ 08050) | 956001 (3801 LONG BEACH BLVD, BRANT BEACH NJ 08008)"
MONTGOMERY CYCLERY,name,4,9,"727500 (9449 MONTGOMERY ROAD, CINCINNATI OH 45242) | MONTGOMERY - OHIO  (8483 BEECHMONT AVENUE, CINCINNATI OH 45255) | MONTGOMERY CYCLERY 9449 (9449 MONTGOMERY ROAD, CINCINNATI OH 45242) | 767400 (116 KARL BROWN WAY, LOVELAND OH 45140) | MONTGOMERY - KY (3708 DIXIE HIGHWAY, ERLANGER KY 41018) | MONTGOMERY - PISGAH (8975 CINCINNATI - COLUMBUS ROAD, PISGAH OH 45069)"
JUST RIDING ALONG,name,4,6,"JRA BIKE SHOP (1120 NW 85TH STREET, SEATTLE WA 98117) | 623500 (15 CHURCH STREET, LIBERTY CORNER NJ 07938) | JUST RIDING ALONG LL (6828 OLNEY-LAYTONSVILLE RD, LAYTONSVILLE MD 20882) | JUST RIDING ALONG (15 CHURCH STREET, BASKING RIDGE NJ 07920) | 585901 (1120 NW 85TH STREET, SEATTLE WA 98117) | JUST RING ALONG LLC (DBA JUST RIDING ALONG BICYCLE, LAYTONSVILLE MD 20882)"
RANDY'S BIKE & RUN SHOP,name,4,4,"879000 (1717 S. OAKS STREET, SAN ANGELO TX 76903) | RANDY (1717 S. OAKES STREET, SAN ANGELO TX 76903) | RANDY'S (1717 S. OAKES STREET, SAN ANGELO TX 76903) | RANDY'S BIKE & RUN SHOP (1717 S OAKES STREET, SAN ANGELO TX 76903)"
CAMPUS BIKE SHOP,name,4,2,"CAMPUS (459 LAGUNITA DRIVE, STANFORD CA 94305) | 210100 (459 LAGUNITA DRIVE # 12, STANFORD CA 94305)"
OAK CLIFF BIKE SYNERGY,name,4,2,"744900 (1300 S. POLK ST - STE 152, DALLAS TX 75224) | OAK CLIFF BIKE SYNERGY (1300 S POLK STREET, DALLAS TX 75224)"
SKYLINE CYCLE,name,4,2,"968000 (834 WASHINGTON BLVD, OGDEN UT 84404) | SKYLINE CYCLE (834 WASHINGTON BOULEVARD, OGDEN UT 84404)"
HANDY BIKES,name,4,3,"515001 (3800 WHEELER AVE, ALEXANDRIA VA 22304) | 5150 (3800 WHEELER AVE, ALEXANDRIA VA 22304) | HANDY BIKES (3800 WHEELER AVE, ALEXANDRIA VA 22304)"
THE PEDALER'S HORSE,name,4,3,"THE PEDALER'S (6630 50TH AVENUE, SEARS MI 49679) | THE PEDALER'S HORSE (6630 50TH AVENUE, SEARS MI 49679) | 1008502 (5938 US10, EVART MI 49631)"
BIKE KING CYCLING,name,4,2,"BIKE KING CYCLING (1247 WOODBOURNE ROAD, LEVITTOWN PA 19057) | 1380 (1247 WOODBOURNE RD, LEVITTOWN PA 19057)"
MAD DOG BICYCLES,name,4,5,"1008101 (561 DELAWARE AVENUE, DELMAR NY 12054) | MAD DOG BICYCLES (561 DELAWARE AVENUE, DELMAR NY 12054) | MAD DOG (561 DELAWARE AVE, DELMAR NY 12054) | MAD DOG  (561 DELAWARE AVE, DELMAR NY 12054) | MAD DOG 561 (561 DELAWARE AVENUE, DELMAR NY 12054)"
WANA BIKE,name,4,3,"WANNA (200 WEST MAIN STREET, WAUNAKEE WI 53597) | 771300 (200 W. MAIN STREET, WAUNAKEE WI 53597) | WANA BIKE (200 W. MAIN STREET, WAUNAKEE WI 53597)"
RODGERS SKI & SPORT,name,3,6,"RODGER (332 ROUTE 1, SCARBOROUGH ME 04074) | 915900 (5 RAILROAD STREET, LINCOLN NH 03251) | 915901 (332 ROUTE 1, SCARBOROUGH ME 04074) | RODGERS SKI & SPORT (332 ROUTE 1, SCARBOROUGH ME 04074) | RODGERS SKI (5 RAILROAD STREET, LINCOLN NH 03251) | 915902 (5 RAILROAD STREET, LINCOLN NH 03251)"
BAER WHEELS,name,3,3,"BAER (3510 NORTH HIGH STREET, COLUMBUS OH 43214) | 66800 (3510 NORTH HIGH STREET, COLUMBUS OH 43214) | BAER WHEELS (3510 NORTH HIGH STREET, COLUMBUS OH 43214)"
HEARTLAND BIKES,name,3,4,"HEARTHLAND BIKES (4730 witmer ln, DAYTON VA 22821) | HEARTLAND BIKES (4730 WITMER LANE, DAYTON VA 22821) | 762601 (4431 HONEY RUN ROAD, DAYTON VA 22821) | 762600 (4730 WITMER LN, DAYTON VA 22821)"
SUN CITY CYCLERY & SKATES,name,3,2,"1168200 (235 EAST MAIN STREET, SUN PRAIRIE WI 53590) | SUN CITY CYCLERY & SKATES (235 EAST MAIN STREET, SUN PRAIRIE WI 53590)"
L & J CYCLE LLC,name,3,2,"619800 (25363 COUNTRY ROAD 54  ROUTE 1, NAPPANEE IN 46550) | L & J CYCLE LLC (25363 COUNTRY ROAD 54, NAPPANEE IN 46550)"
DEDHAM BIKE,name,3,4,"296500 (403 WASHINGTON STREET, DEDHAM MA 02026) | DEDHAM (403 WASHINGTON STREET, DEDHAM MA 02026) | 29650 (403 WASHINGTON STREET, DEDHAM MA 02026) | DEDHAM BIKE (403 WASHINGTON STREET, DEDHAM MA 02026)"
DOWNTOWN BICYCLES,name,3,2,"DOWNTOWN BICYCLES (2571 E. SUNRISE BLVD., FORT LAUDERDALE FL 33304) | DOWNTOWN BICYCLES OAKLAND (518 E OAKLAND PARK BLVD, OAKLAND PARK FL 33334)"
TWIN PORTS CYCLERY,name,3,2,"1070100 (2914 WEST 3RD STREET, DULUTH MN 55806) | TWIN PORTS (2914 W. 3RD STREET, DULUTH MN 55806)"
MAKLIN BIKE SHOP,name,3,2,"MAKLIN (30235 REDWING AVE, SHAFER MN 55074) | MAKLIN BIKE SHOP (30235 REDWING AVENUE, SHAFER MN 55074)"
SENSENIG'S BIKE SHOP,address,3,3,"SENSENIG (1033 RIDGE ROAD, SHIPPENSBURG PA 17257) | 966200 (1033 RIDGE ROAD, SHIPPENSBURG PA 17257) | SENSENIGS BIKE SHOP (1033 RIDGE ROAD, SHIPPENSBURG PA 17257)"
A & M CYCLERY,name,3,2,"139501 (4284 ARSENAL ST, ST. LOUIS MO 63116) | A&M CYCLERY (4284 ARSENAL ST, ST LOUIS MO 63116)"
ISLE BICYCLES,name,3,5,"ISLE PO BOX 54 (PO BOX 54, OCEAN VIEW NJ 08230) | ISLE BICYCLES (3500 BOARDWALK, SEA ISLE CITY NJ 08243) | 86801 (3500 BROADWALK STE 20A, SEA ISLE CITY NJ 08243) | ISLE (3500 BOARDWALK, STE 20A, SEA ISLE CITY NJ 08243) | ISLE BICYCLE (3500 BOARDWALK, SEA ISLE CITY NJ 08243)"
EPIC CYCLES,name,3,8,"575000 (102 SUTTON AVE, BLACK MOUNTAIN NC 28711) | EPIC CYCLES ASHVILLE (1240 BREVARD ROAD, ASHEVILLE NC 28806) | EPIC CYCLES HENDERSONVILL (779 NORTH CHURCH STREET, HENDERSONVILLE NC 28792) | 575002 (1240 BREVARD AVE, ASHEVILLE NC 28806) | EPIC CYCLES   (102 SUTTON AVE, BLACK MOUNTAIN NC 28711) | 575001 (779 NORTH CHURCH STREET, HENDERSONVILLE NC 28792)"
BATTLE ROAD BIKES,name,3,2,"257500 (145 MASSACHUESETTS AVE, LEXINGTON MA 02421) | BATTLE ROAD BIKES (145 MASSACHUSETTS AVE, LEXINGTON MA 02421)"
TREAD BIKE SHOP,name,3,2,"1063400 (250 DYKMAN STREET, NEW YORK NY 10034) | 1061200 (250 DYKMAN STREET, NEW YORK NY 10034)"
BEETON'S CYCLERY,name,3,3,"752800 (1219 MAIN STREET, NIAGARA FALLS NY 14301) | BEETON (1219 MAIN STREET, NIAGARA FALLS NY 14301) | BEETON'S CYCLERY (1219 MAIN STREET, NIAGARA FALLS NY 14301)"
SEAGREEN BICYCLE,name,3,4,"955301 (54 BALTIMORE AVENUE, REHOBOTH BEACH DE 19971) | SEAGREEN BICYCLE  (209 MONROE AVE, LEWES DE 19958) | 955300 (209 MONROE AVENUE, LEWES DE 19958) | SEAGREEN BICYCLE (54 BALTIMORE AVENUE, REHOBOTH BEACH DE 19971)"
THE BICYCLE SHOP,name,3,3,"6949 (1035 WEST NORTHERN LIGHTS BLVD, ANCHORAGE AK 99503) | THE BICYCLE SHOP (909 NORTH MARINE BLVD, JACKSONVILLE NC 28540) | THE BICYCLE SHOP 909 (909 NORTH MARINE BLVD, JACKSONVILLE NC 28540)"
KEN'S BIKE SHOP LLC,name,3,3,"KEN'S BIKE SHOP LLC (2750 REYNOLDA RD, WINSTON SALEM NC 27106) | KEN'S BIKE SHOP (2750 REYNOLDA RD, WINSTON SALEM NC 27106) | 707900 (2750 REYNOLDA RD, WINSTON SALEM NC 27106)"
GREENVILLE BICYCLE COMPANY,name,3,3,"728900 (802 CLARK STREET, GREENVILLE NC 27834) | GREENVILLE BICYCLE (802 CLARK STREET, GREENVILLE NC 27834) | GREENVILLE BICYCLE COMPAN (802 CLARK STREET, GREENVILLE NC 27834)"
ROCKY POINT CYCLE,name,3,3,"ROCKY POINT CYCLE (669 ROUTE 25A, ROCKY POINT NY 11778) | ROCKY POINT (669 ROUTE 25A, ROCKY POINT NY 11778) | 814500 (669 ROUTE 25A, ROCKY POINT NY 11778)"
ALL ABOUT BIKES LLC,name,3,5,"ALL ABOUT 4904 (4904 POPLAR AVE, MEMPHIS TN 38117) | ALL ABOUT BIKES (4904 POPLAR AVENUE, MEMPHIS TN 38117) | ALL ABOUT (621 S. MENDENHALL, MEMPHIS TN 38117) | ALL ABOUT BIKES LLC (4904 POPLAR AVENUE, MEMPHIS TN 38117) | 770900 (4904 POPLAR AVE, MEMPHIS TN 38117)"
SALTY'S BIKE&BEACH RENTALS LLC,name,3,3,"948501 (142A ARROW ROAD, HILTON HEAD ISLAND SC 29928) | SALTY'S BIKE&BEACH RENTAL (142A ARROW ROAD, HILTON HEAD SC 29928) | SALTY'S  (142A ARROW ROAD, HILTON HEAD ISLAND SC 29928)"
WALTERS BICYCLE & PEDEGO LBI,zip+token,3,3,"625500 (1117 CENTRAL AVE, SHIP BOTTOM NJ 08008) | WALTERS BICYCLES & PEDEGO (418 LONG BEACH BLVD, SHIP BOTTOM NJ 08008) | 995000 (418 LONG BEACH BLVD, SHIP BOTTOM NJ 08008)"
GOLDEN LEGS INC.,name,3,5,"GOLDEN LEGS INC. 1155 (1155 MARSH STREET, VALPARAISO IN 46385) | GOLDEN LEG, IN (1155 MARSH STREET, VALPARAISO IN 46385) | GOLDEN LEGS  (1155 MARSH STREET, VALPARAISO IN 46385) | GOLDEN LEGS INC. (53 WILLOW STREET, VALPARAISO IN 46383) | 485401 (1155 MARSH STREET SUITE E, VALPARAISO IN 46385)"
MANASQUAN BIKE SHOP,name,3,5,"678000 (128 Main Street, Manasquan NJ 08736) | 0678000 (128 MAIN STREET, MANASQUAN NJ 08736) | MANASQUAN BIKE SHOP (128 MAIN ST, MANASQUAN NJ 08736) | MANASQ 128 (128 MAIN STREET, MANASQUAN NJ 08736) | MANASQUAN (128 MAIN STREET, MANASQUAN NJ 08736)"
MARSH MELLOWS,name,3,2,"MARSH MELLOWS (2401 N MOUNT OLIVE STREET, SILOAM SPRINGS AR 72761) | 689000 (2401 N MOUNT OLIVE ST, SILOAM SPRINGS AR 72761)"
HAMPSHIRE BICYCLE EXCHANGE,name,3,3,"761300 (65 UNIVERSITY DRIVE, AMHERST MA 01002) | HAMPSHIRE BICYCLE EXCHANG (65 UNIVERSITY DRIVE, AMHERST MA 01002) | HAMPSHIRE (65 UNIVERSITY DRIVE, AMHERST MA 01002)"
BICYCLES ETC,name,3,2,"BICYCLES ETC (6460 COLLEGE ROAD, LISLE IL 60532) | 672200 (6460 COLLEGE ROAD, LISLE IL 60532)"
WALLY'S BICYCLE WORKS,name,3,2,"WALLY'S BICYCLE WORKS (209 BONETTI DRIVE, SAN LUIS OBISPO CA 93401) | WALLY'S BICYCLE (209 BONETTI DRIVE, SAN LUIS OBISPO CA 93401)"
50 SOUTH SURF SHOP,name,3,3,"50 SOUTH (306 S. TOPSAIL DR., SURF CITY NC 28445) | 227400 (306 S. TOPSAIL DR, SURF CITY NC 28445) | 50 SOUTH SURF SHOP (306 S. TOPSAIL DR, SURF CITY NC 28445)"
THE BICYCLE RACK,name,3,2,"THE BICYCLE RACK (683 ROUTE 33, HIGHTSTOWN NJ 08520) | 134600 (683 ROUTE 33, HIGHTSTOWN NJ 08520)"
ADVENTURE EARTH,name,3,3,"7535 (2039 AIRPORT BLVD, MOBILE AL 36695) | ADVENTURE EARTH (2039 AIRPORT BLVD, MOBILE AL 36695) | 752300 (2039 AIRPORT BLVD, MOBILE AL 36695)"
ALAN'S BICYCLE CENTER,name,3,2,"254600 (2020 COMMERCE AVE, VERO BEACH FL 32960) | ALAN'S BICYCLE CENTER (2020 COMMERCE AVE, VERO BEACH FL 32960)"
DALLAS BIKE WORKS,name,3,4,"DALLAS (4875 WEST LAWTHER DRIVE, DALLAS TX 75214) | 1180400 (4875 WEST LAWTHER DRIVE, DALLAS TX 75214) | DALLAS BIKE WORKS (4875 WEST LAWTHER DRIVE, DALLAS TX 75214) | DALLAS 821 (821 W. DAVIS STREET, DALLAS TX 75208)"
SPORTS BASEMENT,name,3,13,"SPORTS BASE 100 (100 VINTAGE WAY, NOVATO CA 94945) | 1001211 (202 WALNUT STREET, REDWOOD CITY CA 94063) | SPORTS BASEMENT 202 (202 WALNUT STREET, REDWOOD CITY CA 94063) | SPORTS BASEMENT CAMPBELL (1875 S. BASCOM AVE, CAMPBELL CA 95008) | SPORTS BASEMENT SUNNY (1177 KERN AVENUE, SUNNYVALE CA 94085) | SPORTS BASEMENT  (1881 YGNACIO VALLEY ROAD, WALNUT CREEK CA 94598)"
BIKE KING CYCLING,name,3,2,"BIKE KING CYCLING (1247 WOODBOURNE ROAD, LEVITTOWN PA 19057) | 1380 (1247 WOODBOURNE RD, LEVITTOWN PA 19057)"
JOY MACHINES BIKE SHOP,name,3,2,"JOY MACHINES BIKE SHOP (2605 DETROIT AVENUE, CLEVELAND OH 44113) | JOY MACHINE (2605 DETROIT AVENUE, CLEVELAND OH 44113)"
Sports addiction,name,3,2,"SPORTSADDICTIO (70 PENNINGTON DRIVE, BLUFFTON SC 29910) | 940500 (200 OKATIE VILLAGE SUITE 101, BLUFFTON SC 29909)"
"CENTRAL CYCLES, LLC",name,3,3,"CENTRAL CYCLES (9434 200TH AVE, HOLTON MI 49425) | 1001500 (9434 200TH AVE, HOLTON MI 49425) | CENTRAL CYCLES, LLC (9434 200TH AVE, HOLTON MI 49425)"
PHOENIX CYCLERY,name,3,3,"1019100 (1532 EAST MULBERRY STREET, FORT COLLINS CO 80524) | 101900 (1532 E.Mulberry Street, Fort Collins CO 80524) | PHOENIX CYCLERY (1532 E.MULBERRY STREET, FORT COLLINS CO 80524)"
HENRY'S BIKES,name,3,5,"HENRY'S BIKES  (15 POLLY DRUMMOND SHOPPING CTR, NEWARK DE 19711) | 518101 (15  POLLY DRUMMOND SHOPPING CTR, NEWARK DE 19711) | HENRYS BIKES (15 POLLY DRUMMOND SHOPPING CENTER, NEWARK DE 19711) | HENRY'S BIKES (15 POLLY DRUMMOND SHOPPING CTR, NEWARK DE 19711) | HENRY (15 POLLY DRUMMOND SHOPPING CTR, NEWARK DE 19711)"
THE BIKE SHOP,name,3,11,"825000 (39 S. TONGE ST, ORMOND BEACH FL 32174) | 816200 (125 E. KEMP AVE, WATERTOWN SD 57201) | 991000 (1002 NORTH CENTRAL EXPRESSWAY, RICHARDSON TX 75080) | THE BIKE SHOP 125 (125 E KEMP AVE, WATERTOWN SD 57201) | THE BIKE SHOP - COLUMBUS (3901-D MILLER ROAD, COLUMBUS GA 31909) | BIKE SHOP (39 S. YONGE STREET, ORMOND BEACH FL 32174)"
BIKE STOP CAFE,name,3,5,"000870400 (701 SOUTH RIVERSIDE, SAINT CHARLES MO 63301) | BIKE STOP CAFE (701 S. RIVERSIDE, SAINT CHARLES MO 63301) | BIKE STOP (701 S. RIVERSIDE, SAINT CHARLES MO 63301) | THE BIKE STOP CAFE (701 S. RIVERSIDE, SAINT CHARLES MO 63301) | BIKES STOP  (701 S. RIVERSIDE, SAINT CHARLES MO 63301)"
OTTAWA BIKE AND TRAIL,name,3,2,"713700 (130 SOUTH MAIN STREET, OTTAWA KS 66067) | 713701 (130 SOUTH MAIN STREET, OTTAWA KS 66067)"
BAY RIDGE BIKES,name,3,2,"425700 (9124 4TH AVENUE, BROOKLYN NY 11209) | BAY RIDGE BIKES (9124 4TH AVE, BROOKLYN NY 11209)"
MR. BILL'S BICYCLE,name,2,2,"MR. BILLS BICYCLE (107 EAST BROAD STREET, PALMYRA NJ 08065) | MR BILL (107 EAST BROAD STREET, PALMYRA NJ 08065)"
Dave's Bike Shop,name,2,3,"801300 (367 WEST BROADWAY, IDAHO FALLS ID 83402) | DAVE'S (367 W. BROADWAY, IDAHO FALLS ID 83402) | DAVE'S BIKE SHOP (367 W BROADWAY, IDAHO FALLS ID 83402)"
RICHWAGEN BICYCLE INC,name,2,2,"999292000 (298 N.E. 6TH AVENUE, DELRAY BEACH FL 33483) | RICHWAGEN (298 N.E. 6TH AVENUE, Delray Beach FL 33483)"
"AROUND TOWN BICYCLES, INC",name,2,2,"AROUND TOWN BICYCLES, INC (59 N MAIN STREET, WILKES-BARRE PA 18701) | 258600 (59 N MAIN STREET, REAR, WILKES-BARRE PA 18701)"
Lowe riders action sports,name,2,2,"1078800 (300 EAST LANCASTER AVENUE, DOWINGTON PA 19335) | LOWE RIDERS (300 E. LANCASTER AVENUE, DOWNINGTOWN PA 19335)"
VERN & SONNY'S BIKE AND SNOW,name,2,2,"989000 (3031 W. ARMITAGE AVE, CHICAGO IL 60647) | VERN & SONNY'S (3031 W. ARMITAGE AVENUE, CHICAGO IL 60647)"
CYCLE CONNECTION,name,2,3,"2777900 (2455 FORT STREET, WYANDOTTE MI 48192) | 277900 (2455 FORT STREET, WYANDOTTE MI 48192) | CYCLE CONNECTION (2455 FORT STREET, WYANDOTTE MI 48192)"
SCHLABACH'S BIKE SHOP LLC,name,2,2,"SCHLABACH (1061 E COLUMBIA ST, ARTHUR IL 61911) | 806500 (1061 E. COLUMBIA ST, ARTHUR IL 61911)"
SUNSHINE BIKE SHOP,name,2,3,"831300 (1926 E SUNSHINE STREET, SPRINGFIELD MO 65804) | 831301 (1248 E ATLANTIC STREET - DOOR 2, SPRINGFIELD MO 65803) | SUNSHINE BIKE SHOP (1926 E SUNSHINE STREET, SPRINGFIELD MO 65804)"
PEDALLER BIKE SHOP,name,2,2,"PEDALLER (801 W. MAIN STREET, LANSDALE PA 19446) | 839200 (801 W. Main Street, Landsdale PA 19446)"
BARBARAS BIKE&SPORTS EQUIPMENT,address,2,2,"BARBARAS BIKES&SPORTS EQU (430 ROUTE 134, SOUTH DENNIS MA 02660) | 97500 (430 ROUTE 134, SOUTH DENNIS MA 02660)"
EASTSIDE PEDAL PUSHERS,name,2,2,"EASTSIDE PEDAL PUSHERS (4607 BOLM ROAD, AUSTIN TX 78702) | 422000 (4607 BOLM ROAD, AUSTIN TX 78702)"
BETHANY BIKE SHOP,name,2,2,"1085500 (900 NORTH PENN AVENUE, BETHANY BEACH DE 19930) | BETHANY (900 N. PENN AVENUE, BETHANY BEACH DE 19930)"
PEARSON'S BIKE SHOP,name,2,2,"PEARSON'S BIKE SHOP (164 SO 5TH ST, HUGHESVILLE PA 17737) | 1112600 (164 S. 5TH STREET, HUGHESVILLE PA 17737)"
SCOTT'S CYCLE AND SPORTS,name,2,3,"724200 (110 EAST HIGHLAND, HERMISTON OR 97838) | SCOT (110 EAST HIGHLAND, HERMISTON OR 97838) | SCOTT'S CYCLE & SPORTS (704 ELY HWY 395, KENNEWICK WA 99336)"
GREENWAY BIKEHOUSE,name,2,2,"GREENWAY BIKEHOUSE (417 RIDGE RD, MUNSTER IN 46321) | 542500 (18418 WENTWORTH AVE - SUITE 1, LANSING IL 60438)"
PURE ENERGY CYCLING & JAVA HOU,zip+token,2,3,"PURE ENERGY CYCLING & JAV (201 SOUTH MAIN ST, LAMBERTVILLE NJ 08530) | PURE (99 SOUTH MAIN STREET, LAMBERTVILLE NJ 08530) | PURE ENERGY (99 SOUTH MAIN ST, LAMBERTVILLE NJ 08530)"
SUNSET CYCLERY INC,name,2,7,"SUNSET 9901 (9901 WATSON RD, SAINT LOUIS MO 631261855) | 162301 (9901 WATSON RD - SUITE 153, CRESTWOOD MO 63126) | SUNSET CYCLERY (62 FOUR SEASONS SHOPPING CTRE, CHESTERFIELD MO 63017) | SUNSET CYCLERY INC (9901 WATSON ROAD, CRESTWOOD MO 63126) | SUNSET (10748 SUNSET PLAZA, SUNSET HILLS MO 63127) | SUNSET 10748 (10748 SUNSET PLAZA, SUNSET HILLS MO 63127)"
TUCKAHOE BIKE SHOP,name,2,4,"TUCKAHOE BIKE SHOP (2151 ROUTE 50, WOODBINE NJ 08270) | TUCKAHOE (1235 WEST AVENUE, OCEAN CITY NJ 08226) | 38600 (2151 ROUTE 50, WOODBINE NJ 08270) | 1038600 (2151 ROUTE 50, WOODBINE NJ 08270)"
ALLIS BIKE & FITNESS,name,2,3,"ALLIS (9622 W NATIONAL AVE, WEST ALLIS WI 53227) | ALLIS BIKE AND FITNESS (9622 W NATIONAL AVE, WEST ALLIS WI 53227) | 689200 (9622 W NATIONAL AVE, WEST ALLIS WI 53227)"
TERRYS BIKE HAUS,address,2,2,"661900 (9828 WEST 55TH STREET, COUNTRYSIDE IL 60525) | TERRYS (9828 W 55TH ST, COUNTRYSIDE IL 60525)"
LOVE AND BICYCLES LLC,name,2,2,"LOVE AND BICYCLES (340 IRON STREET, NEGAUNEE MI 49866) | 688000 (340 IRON STREET, NEGAUNEE MI 49866)"
OCEAN BEACH HARDWARE,name,2,2,"OCEAN BEACH HARDWARE (C/O FIRES ISLAND FERRIES, BAY SHORE NY 11706) | 780001 (99 MABEL AVENUE, BAY SHORE NY 11706)"
JIM'S BICYCLE SHOP,name,2,2,"1161000 (8015 PLAINFIELD ROAD, CINCINNATI OH 45236) | JIM'S (8015 PLAINFIELD ROAD, CINCINNATI OH 45236)"
PEDAL & PADDLE LTD,name,2,2,"PEDAL & PADDLE (411 S PIERRE ST, PIERRE SD 57501) | 832500 (411 S. PIERRE ST, PIERRE SD 57501)"
ECLECTIC BIKES LLC,name,2,2,"881000 (823 COMMERCIAL, EMPORIA KS 66801) | ECLECTIC BIKES LLC. (823 COMMERCIAL, EMPORIA KS 66801)"
HIGHLANDER BIKE SHOP,name,2,3,"HIGHLANDER BIKE SHOP  (3333 highland drive, SALT LAKE CITY UT 84106) | 530400 (3333 HIGHLAND DRIVE, SALT LAKE CITY UT 84106) | HIGHLANDER BIKE SHOP (3333 HIGHLAND DRIVE, SALT LAKE CITY UT 84106)"
ELEMENT SPORTS,name,2,2,"ELEMENT SPORTS (2009 S. LOUDOUN STREET, WINCHESTER VA 22601) | 459900 (2009 S. LOUDOUN STREET, WINCHESTER VA 22601)"
PADIS PEDAL POWER,name,2,4,"PADIS PEDAL POWER (1177 FISHER BLVD, TOMS RIVER NJ 08753) | 807100 (1177 FISHER BLVD., TOMS RIVER NJ 08753) | PADIS  (1177 FISHER BLVD, TOMS RIVER NJ 08753) | PADIS (1177 FISHER BLVD., TOMS RIVER NJ 08753)"
NORTH PORTLAND BIKEWORKS,name,2,2,"NORTH PORTLAND (700 N KILLINGSWORTH ST, PORTLAND OR 97217) | 768500 (700 N. KILLINGSWORTH ST, Portland OR 97217)"
THE COSMIC WHEEL,name,2,3,"COSMIC WHEEL (184 main st, RIDGEFIELD PARK NJ 07660) | 258500 (184 MAIN STREET, RIDGEFIELD PARK NJ 07660) | THE COSMIC (184 MAIN STREET, RIDGEFIELD PARK NJ 07660)"
BOB'S BIKE SHOP,name,2,3,"BOB'S BIKE SHOP (3855 RIDGEWOOD AVENUE, PORT ORANGE FL 32129) | BOB'S  (3855 Ridgewood Ave, PORT ORANGE FL 32129) | 1227900 (3855 Ridgewood Avenue, Port Orange FL 32129)"
ADI'S BIKE WORLD,name,2,3,"ADI'S BIKE WORLD  (1754 CENTRE STREET, WEST ROXBURY MA 02132) | ADI'S (1754 CENTRE STREET, WEST ROXBURY MA 02132) | ADI'S BICYCLE WORLD (1754 CENTRE STREET, BOSTON MA 02132)"
ISLAND BIKE COMPANY,name,2,2,"672100 (25 OLD SOUTH ROAD, NANTUCKET MA 02554) | ISLAND BIKE COMPANY (25 OLD SOUTH ROAD, NANTUCKET MA 02554)"
WYCKOFF CYCLE LLC,name,2,3,"WYCKOFF (396 FRANKLIN AVENUE, WYCKOFF NJ 07481) | 603400 (396 FRANKLIN AVE, WYCKOFF NJ 07481) | WYCKOFF CYCLE  (396 FRANKLIN AVE, WYCKOFF NJ 07481)"
DANNY'S CYCLE,name,2,5,"DANNY'S CYCLE (113 WOLF'S LANE, PELHAM NY 10803) | DANNYS CYCLE (396 MAIN STREET, NEW ROCHELLE NY 10801) | DANNYYS CYCLE -NY (644 CENTRAL PARK AVENUE, SCARSDALE NY 10583) | DANNY'S BICYCLE (1950 BOSTON POST ROAD, DARIEN CT 06820) | DANNY C (1922 E MAIN STREET, MOHEGAN LAKE NY 10547)"
MAD DOG BICYCLES,name,2,5,"1008101 (561 DELAWARE AVENUE, DELMAR NY 12054) | MAD DOG BICYCLES (561 DELAWARE AVENUE, DELMAR NY 12054) | MAD DOG (561 DELAWARE AVE, DELMAR NY 12054) | MAD DOG  (561 DELAWARE AVE, DELMAR NY 12054) | MAD DOG 561 (561 DELAWARE AVENUE, DELMAR NY 12054)"
FULL CIRCLE CYCLE SHOP,name,2,2,"460600 (318 SOUTH CHELON AVENUE, WENATCHEE WA 98801) | FULL CIRCLE CYCLE SHOP (318 SOUTH CHELON AVENUE, WENATCHEE WA 98801)"
YOUR BIKE SHOP,name,2,2,"000759900 (51 COLE STREET, WARREN RI 02885) | 759900 (51 COLE STREET, WARREN RI 02885)"
SMALL SHOP CHICAGO LLC,name,2,3,"SMALL (4250 S. COTTAGE GROVE AVENUE, CHICAGO IL 60653) | 1008000 (4250 S. COTTAGE GROVE AVENUE, CHICAGO IL 60653) | SMALL SHOP (4250 S. COTTAGE GROVE AVENUE, CHICAGO IL 60653)"
ROAD & TRAIL BICYCLES,address,2,4,"980101 (5113 US HWY 98 SOUTH, LAKELAND FL 33812) | ROAD & TRAIL (5113 US HWY 98 SOUTH, LAKELAND FL 33812) | ROAD AND TRAIL (5113 US HWY 98 SOUTH, LAKELAND FL 33812) | RUNNING (5113 US Hwy 98 South, Lakeland FL 33812)"
MORRISSEY CYCLES,address,2,4,"NIANTIC BAY (8 METHODIST STREET, NIANTIC CT 06357) | NIANTIC (8 METHODIST STREET, NIANTIC CT 06357) | 1220600 (8 METHODIST STREET, NIANTIC CT 06357) | NIANTIC BAY BICYCLES (8 METHODIST STREET, NIANTIC CT 06357)"
GUYS BICYCLE SHOP,name,2,3,"GUYS BICYCLE SHOP (7203 ROUTE 20, MADISON NY 13402) | GUYS BICYCLE (7203 ROUTE 20, MADISON NY 13402) | 501300 (7203 ROUTE 20, MADISON NY 13402)"
PEDAL PUSHER,name,2,6,"PEDAL PUSHER PA (3798 WALNUT STREET, HARRISBURG PA 17109) | 838000 (3798 WALNUT STREET, HARRISBURG PA 17109) | PEDAL 3798 (3798 WALNUT STREET, HARRISBURG PA 17109) | PEDAL PUSHERS-PA (3798 WALNUT STREET, HARRISBURG PA 17109) | PEDAL PUSHER 3798 (3798 WALNUT STREET, HARRISBURG PA 17109) | PEDAL PUSHER (3798 WALNUT STREET, HARRISBURG PA 17109)"
TUCKAHOE BIKE SHOP,name,2,4,"TUCKAHOE BIKE SHOP (2151 ROUTE 50, WOODBINE NJ 08270) | TUCKAHOE (1235 WEST AVENUE, OCEAN CITY NJ 08226) | 38600 (2151 ROUTE 50, WOODBINE NJ 08270) | 1038600 (2151 ROUTE 50, WOODBINE NJ 08270)"
THE CYKEL SHOP,name,2,2,"THE CYKEL SHOP (109 WEST CHICAGO STREET, COLDWATER MI 49036) | 835000 (109 WEST CHICAGO ST, COLDWATER MI 49036)"
SURF BUGGY INC,name,2,2,"1099500 (3801 Long Beach Blvd, Brant Beach NJ 08008) | SURF BUGGY (1414 LONG BEACH BLVD, SURF CITY NJ 08008)"
CADENCE BIKE SHOP,name,2,2,"267500 (10044 BRUCEVILLE RD STE 160, ELK GROVE CA 95757) | CADENCE BIKE SHOP (10044 BRUEVILLE RD, ELK GROVE CA 95757)"
OTTO'S BICYCLE REPAIR,name,2,2,"OTTO'S BICYCLE REPAIR (3650 N STATE ROAD FIVE, SHIPSHEWANA IN 46565) | 718000 (8275 W 450 N, SHIPSHEWANA IN 46565)"
MENDON CYCLE SMITH,name,2,3,"MENDON CYCLE SMITH (1943 COUNTY ROAD 14, IONIA NY 14475) | 799101 (1943 COUNTY ROAD 14, IONIA NY 14475) | MENDON NY (1943 COUNTY ROAD 14, IONIA NY 14475)"
DAVE'S BIKE SHOP,name,2,3,"801300 (367 WEST BROADWAY, IDAHO FALLS ID 83402) | DAVE'S (367 W. BROADWAY, IDAHO FALLS ID 83402) | DAVE'S BIKE SHOP (367 W BROADWAY, IDAHO FALLS ID 83402)"
HUB CITY CYCLES,name,2,2,"946000 (501 JEFFERSON STREET, LAFAYETTE LA 70501) | HUB CITY CYCLES (501 JEFFERSON STREET, LAFAYETTE LA 70501)"
SMALL SHOP CHICAGO LLC,name,2,3,"SMALL (4250 S. COTTAGE GROVE AVENUE, CHICAGO IL 60653) | 1008000 (4250 S. COTTAGE GROVE AVENUE, CHICAGO IL 60653) | SMALL SHOP (4250 S. COTTAGE GROVE AVENUE, CHICAGO IL 60653)"
COUNTRY ROAD BIKE SHOP,name,2,2,"COUNTRY ROAD (446 N PERRY CREEK ROAD, MIO MI 48647) | COUNTRY ROAD BIKE SHOP (446 N PERRY CREEK ROAD, MIO MI 48647)"
MOON ROCK OUTFITTERS,name,2,2,"MOON ROCK OUTFITTERS (313 N MAIN STREET, ROSWELL NM 88201) | 7260 (313 N MAIN STREET, ROSWELL NM 88201)"
FREDONIA CYCLING LLC,name,2,2,"474500 (8 PARK PLACE, FREDONIA NY 14063) | FREDONIA CYCLING (8 PARK PLACE, FREDONIA NY 14063)"
DASH BICYCLE SHOP,name,2,3,"DASH (228 BROADWAY, PROVIDENCE RI 02903) | 720900 (228 BROADWAY, PROVIDENCE RI 02903) | DASH BICYCLE SHOP (228 BROADWAY, PROVIDENCE RI 02903)"
THE PEDALER'S HORSE,name,2,3,"THE PEDALER'S (6630 50TH AVENUE, SEARS MI 49679) | THE PEDALER'S HORSE (6630 50TH AVENUE, SEARS MI 49679) | 1008502 (5938 US10, EVART MI 49631)"
FULL CIRCLE CYCLE SHOP,name,2,2,"460600 (318 SOUTH CHELON AVENUE, WENATCHEE WA 98801) | FULL CIRCLE CYCLE SHOP (318 SOUTH CHELON AVENUE, WENATCHEE WA 98801)"
"SUGAR BOTTOM BIKES, INC.",name,2,2,"SUGAR BOTTOM BIKES (325 NORTH DUBUQUE STREET, NORTH LIBERTY IA 52317) | 1047500 (325 NORTH DUBUQUE STREET, NORTH LIBERTY IA 52317)"
BERKSHIRE OUTFITTERS,name,2,3,"BIRKSHIRE OUTFITTERS (169 1/2 GROVE STREET, ADAMS MA 01220) | 161200 (169 1/2 GROVE STREET, ADAMS MA 01220) | BERKSHIRE OUTFITTERS (169 1/2 GROVE STREET, ADAMS MA 01220)"
FAT TIRE CYCLES,name,2,7,"FAT TIRE CYCLES   (12501 candelaria rd ne suite j, ALBUQUERQUE NM 87112) | FAT  (421 MONTANO ROAD N.E., ALBUQUERQUE NM 87107) | FAT TIRE CYCLES INC (12501 CANDELERIA RD NE, ALBUQUERQUE NM 87112) | FAT TIRE CYCLES ALBUQUERQ (10701 CORRALES ROAD, ALBUQUERQUE NM 87114) | 488000 (421 MONTANO NE, ALBUQUERQUE NM 87107) | 451800 (421 Montano Road, Albuquerque NM 87107)"
FALLS WHEEL & WRENCH BIKE SHOP,name,2,2,"611500 (2445 STATE ROAD, CUYAHOGA OH 44223) | FALLS WHEEL (2445 STATE ROAD, CUYAHOGA FALLS OH 44223)"
DANNY'S CYCLE,name,2,5,"DANNY'S CYCLE (113 WOLF'S LANE, PELHAM NY 10803) | DANNYS CYCLE (396 MAIN STREET, NEW ROCHELLE NY 10801) | DANNYYS CYCLE -NY (644 CENTRAL PARK AVENUE, SCARSDALE NY 10583) | DANNY'S BICYCLE (1950 BOSTON POST ROAD, DARIEN CT 06820) | DANNY C (1922 E MAIN STREET, MOHEGAN LAKE NY 10547)"
50 south SURF SHOP INC,name,1,3,"50 SOUTH (306 S. TOPSAIL DR., SURF CITY NC 28445) | 227400 (306 S. TOPSAIL DR, SURF CITY NC 28445) | 50 SOUTH SURF SHOP (306 S. TOPSAIL DR, SURF CITY NC 28445)"
western bike & auto,name,1,3,"WESTERN BIKE (2286 tamaimi trail e, NAPLES FL 34112) | 1174800 (2286 TAMAIMI TRAIL E, NAPLES FL 34112) | WESTERN (2286 TAMAIMI TRAIL E., NAPLES FL 34112)"
brigham young university Idaho,address,1,3,"183300 (525 SOUTH CENTER STREET, REXBURG ID 83440) | BRIGHAM YOUNG UNIV IDAHO (525 SOUTH CENTER STREET, REXBURG ID 83440) | BIRIGHAM (525 South Center Street, REXBURG ID 83440)"
KOZY'S CYCLERY - KOZY INC.,zip+token,1,3,"757500 (3255 NORTH MILWAUKEE AVENUE, CHICAGO IL 60618) | KOZY'S 3255 (3255 N. MILWAUKEE AVE, CHICAGO IL 60618) | MARIANO'S (3350N. WESTERN AVENUE, CHICAGO IL 60618)"
County Line Bicycle Shop,name,1,2,"COUNTY LINE BICYCLE SHOP (5305 S. 1200 W, MILLERSBURG IN 46543) | 875500 (5305 S.1200 W, MILLERSBURG IN 46543)"
ALLJOY BIKE & BEACH RENTAL CO,name,1,3,"112500 (64 BURNT CHURCH ROAD, BLUFFTON SC 29910) | ALLJOY BIKE & BEACH RENTA (64  BURNT CHURCH ROAD, BLUFFTON SC 29910) | ALLJOY BIKE (64 BURNT CHURCH ROAD, BLUFFTON SC 29910)"
Miami Beach,address,1,2,"867200 (746-5TH STREET, MIAMI BEACH FL 33139) | MIAMI BEACH BICYCLE CENTE (746-5TH STREET, MIAMI BEACH FL 33139)"
love and bicycles llc,name,1,2,"LOVE AND BICYCLES (340 IRON STREET, NEGAUNEE MI 49866) | 688000 (340 IRON STREET, NEGAUNEE MI 49866)"
"CRANKY'S, LLC",name,1,3,"CRANKY'S, LLC (316 SOUTH COUNTY HWY 83, SANTA ROSA BEACH FL 32459) | CRANKY'S FL (184 E. MITCHELL AVENUE, SANTA ROSA BEACH FL 32459) | CRANKY'S (1014 STATE ST., SANTA BARBARA CA 93101)"
RIVERSIDE ADVENTURE COMPANY,name,1,2,"766500 (10 MARINA WYND, BALD HEAD ISL NC 28461) | RIVERSIDE ADVENTURE (10 MARINA WYND, BALD HEAD ISL NC 28461)"
GREEN MOUNTAIN BIKES,name,1,3,"495201 (105 N. MAIN STREET, ROCHESTER VT 05767) | GREEN MOUNTAIN BIKES (105 N. MAIN STREET, ROCHESTER VT 05767) | GREEN RT. 100 (RT. 100, ROCHESTER VT 05767)"
TOMICHI CYCLES INC.,name,1,2,"TOMICHI CYCLES INC (104 NORTH MAIN STREET, GUNNISON CO 81230) | 1055200 (104 NORTH MAIN STREET, GUNNSION CO 81230)"
E.J.W. OUTDOOR INC,name,1,4,"E.J.W. (4060 ARENDELL STREET, MOREHEAD CITY NC 28557) | 4473 (4060 ARENDELL STREET, MOREHEAD CITY NC 28557) | 447300 (4060 ARENDELL STREET, MOOREHEAD CITY NC 28557) | EJW 4060 (4060 ARENDELL STREET, MOREHEAD CITY NC 28557)"
PARADISE BICYCLES,name,1,3,"PARADISE BICYCLES (954 NE PINE ISLAND ROAD, CAPE CORAL FL 33909) | 797500 (954 PINE ISLAND ROAD EAST - SUITE E, CAPE CORAL FL 33909) | 7975 (1712 DEL PRADO BLVD, CAPE CORAL FL 33909)"
WEST GEORGIA CYCLING,name,1,2,"WEST GEORGIA CYCLING (150 MAPLE CROSSING, CARROLLTON GA 30117) | 996500 (150 MAPLE CROSSING - STE 117, CARROLLTON GA 30117)"
THE BIKE GALLERY,name,1,2,"899500 (2500 PARK ROAD, CHARLOTTE NC 28203) | THE BIKE GALLERY (2500 PARK ROAD, CHARLOTTE NC 28203)"
BLUE RUN BICYCLES & PADDLE CO,address,1,2,"BLUE RUN (20312 PENNSYLVANIA AVENUE, DUNNELLON FL 34432) | BLU RUN BICYCLE & PADDLE  (20312 E PENNSYLVANIA AVE, DUNNELLON FL 34432)"
CHELSEA BICYCLES CORP,name,1,3,"43800 (586 32ND STREET, UNION CITY NJ 07087) | CHELSEA (130 W. 26TH STREET, NEW YORK NY 10001) | CHELSEA BICYCLES (586 32nd STREET, UNION CITY NJ 07087)"
ATKINS' VERONA BICYCLE SHOPPE,name,1,2,"149500 (517 HALF MILE ROAD, VERONA WI 53593) | ATKINS VERONA (517 HALF MILE ROAD, VERONA WI 53593)"
POINT AREA BICYCLE SERVICE,name,1,3,"POINT AREA (1311 STRONGS AVENUE, STEVENS POINT WI 54481) | 859200 (1311 STRONGS AVENUE, STEVENS POINT WI 54481) | POINT AREA BICYCLE SERVIC (1311 STRONGS AVENUE, STEVENS POINT WI 54481)"
MCCULLY BICYCLE&SPORTING GOODS,name,1,2,"MCCULLY (2124 S KING STREET, HONOLULU HI 96826) | 889200 (2124 S. KING STREET, HONOLULU HI 96826)"
DOYLESTOWN BIKE WORKS,name,1,2,"DOYLESTOWN BIKE WORKS (139 SOUTH MAIN STREET, DOYLESTOWN PA 18901) | DOYLESTOWN (139 SOUTH MAIN STREET, DOYLESTOWN PA 18901)"
PEDALS BIKE RENTAL,name,1,3,"887900 (71 POPE AVENUE STE A, HILTON HEAD ISL SC 29928) | PEDAL BIKE RENTAL  (71 POPE AVENUE, HILTON HEAD ISLAND SC 29928) | PEDALS BIKE RENTAL (71 POPE AVENUE, HILTON HEAD ISLAND SC 29928)"
CAROLINA PEDAL WORKS,name,1,2,"CAROLINA PEDAL WORKS (E83 HIGHLAND AVE SE, HICKORY NC 28602) | CAROLINA PEDAL  (883 HIGHLAND AVENUE SE, HICKORY NC 28602)"
WRENCH & ROLL,name,1,2,"738800 (1200 CALEDONIA ST, LA CROSSE WI 54603) | 7885 (1200 CALEDONIA ST, LA CROSSE WI 54603)"
LANDRY'S BICYCLES,name,1,3,"702908 (78 TURNPIKE ROAD, WESTBORO MA 01581) | LANDRY (790 WORCESTER STREET, NATICK MA 01760) | 702900 (790 WORCHESTER STREET, NATICK MA 01760)"
SIERRA CYCLEWORKS,name,1,3,"965600 (3430 LAKE TAHOE BLVD, SOUTH LAKE TAHOE CA 96150) | SIERRA CYCLEWORKS (3430 LAKE TAHOE BLVD., SOUTH LAKE TAHOE CA 96150) | SIERRA (3430 LAKE TAHOE BLVD, SOUTH LAKE TAHOE CA 96150)"
S&H BICYCLE STORE,name,1,3,"S&H (3595 HIGHWAY 20, SLOANSVILLE NY 12160) | 949900 (3595 HIGHWAY 20, SLOANSVILLE NY 12160) | S&H BICYCLE STORE  (3595 HIGHWAY 20, SLOANSVILLE NY 12160)"
CYCLE MASTERS,name,1,2,"CYCLE MASTERS (433 E MAIN STREET, TURLOCK CA 95380) | 748700 (433 E. MAIN STREET, TURLOCK CA 95380)"
LOCAL MOTION LLC,name,1,2,"LOCAL  (1 STEELE STREET, BURLINGTON VT 05401) | LOCAL MOTION (1 STEELE STREET #103, BURLINGTON VT 05401)"
GORGES CYCLES,name,1,4,"GORGES CYCLES 2255 (2255 N TRIPHAMMER ROAD, ITHACA NY 14850) | 487500 (38 FOREST ACRES DR, ITHACA NY 14850) | GORGES CYCLES (2255 N TRIPHAMMER RD, ITHACA NY 14850) | 487501 (2255 N TRIPHAMMER, ITHACA NY 14850)"
NORFORK ADVENTURE SUPPLY,name,1,4,"NORFORK ADVENTURE SUPPLY  (13912 HWY 5 SOUTH, NORFORK AR 72658) | 770100 (13912 HWY 5 SOUTH, NORFORK AR 72658) | NORFOR (13912 HWY 5 SOUTH, NORFORK AR 72658) | 770101 (13912 HWY 5 SOUTH, NORFORK AR 72658)"
SAYVILLE BIKE WORKS INC,name,1,2,"1057100 (75 MAIN STREET, WEST SAYVILLE NY 11796) | SAYVILLE (75 MAIN STREET, WEST SAYVILLE NY 11796)"
LA DOLCE VITA LLC,name,1,2,"LA DOLCE LLC (36204 EMERALD COAST PARKWAY, DESTIN FL 32541) | LA DOLCE VITA LLC (15400 EMERALD COAST 6 PKWY, DESTIN FL 32541)"
BARNARD'S SCHWINN LTD,name,1,2,"69800 (6109 W. NORTH AVE, OAK PARK IL 60302) | BARNARD'S SCHWINN LTD (6109 W. North Ave., Oak Park IL 60302)"
SPORTS BASEMENT,name,1,13,"SPORTS BASE 100 (100 VINTAGE WAY, NOVATO CA 94945) | 1001211 (202 WALNUT STREET, REDWOOD CITY CA 94063) | SPORTS BASEMENT 202 (202 WALNUT STREET, REDWOOD CITY CA 94063) | SPORTS BASEMENT CAMPBELL (1875 S. BASCOM AVE, CAMPBELL CA 95008) | SPORTS BASEMENT SUNNY (1177 KERN AVENUE, SUNNYVALE CA 94085) | SPORTS BASEMENT  (1881 YGNACIO VALLEY ROAD, WALNUT CREEK CA 94598)"
SPORTS BASEMENT,name,1,13,"SPORTS BASE 100 (100 VINTAGE WAY, NOVATO CA 94945) | 1001211 (202 WALNUT STREET, REDWOOD CITY CA 94063) | SPORTS BASEMENT 202 (202 WALNUT STREET, REDWOOD CITY CA 94063) | SPORTS BASEMENT CAMPBELL (1875 S. BASCOM AVE, CAMPBELL CA 95008) | SPORTS BASEMENT SUNNY (1177 KERN AVENUE, SUNNYVALE CA 94085) | SPORTS BASEMENT  (1881 YGNACIO VALLEY ROAD, WALNUT CREEK CA 94598)"
SPORTS BASEMENT,name,1,13,"SPORTS BASE 100 (100 VINTAGE WAY, NOVATO CA 94945) | 1001211 (202 WALNUT STREET, REDWOOD CITY CA 94063) | SPORTS BASEMENT 202 (202 WALNUT STREET, REDWOOD CITY CA 94063) | SPORTS BASEMENT CAMPBELL (1875 S. BASCOM AVE, CAMPBELL CA 95008) | SPORTS BASEMENT SUNNY (1177 KERN AVENUE, SUNNYVALE CA 94085) | SPORTS BASEMENT  (1881 YGNACIO VALLEY ROAD, WALNUT CREEK CA 94598)"
SPORTS BASEMENT,name,1,13,"SPORTS BASE 100 (100 VINTAGE WAY, NOVATO CA 94945) | 1001211 (202 WALNUT STREET, REDWOOD CITY CA 94063) | SPORTS BASEMENT 202 (202 WALNUT STREET, REDWOOD CITY CA 94063) | SPORTS BASEMENT CAMPBELL (1875 S. BASCOM AVE, CAMPBELL CA 95008) | SPORTS BASEMENT SUNNY (1177 KERN AVENUE, SUNNYVALE CA 94085) | SPORTS BASEMENT  (1881 YGNACIO VALLEY ROAD, WALNUT CREEK CA 94598)"
SPORTS BASEMENT,name,1,13,"SPORTS BASE 100 (100 VINTAGE WAY, NOVATO CA 94945) | 1001211 (202 WALNUT STREET, REDWOOD CITY CA 94063) | SPORTS BASEMENT 202 (202 WALNUT STREET, REDWOOD CITY CA 94063) | SPORTS BASEMENT CAMPBELL (1875 S. BASCOM AVE, CAMPBELL CA 95008) | SPORTS BASEMENT SUNNY (1177 KERN AVENUE, SUNNYVALE CA 94085) | SPORTS BASEMENT  (1881 YGNACIO VALLEY ROAD, WALNUT CREEK CA 94598)"
SPORTS BASEMENT,name,1,13,"SPORTS BASE 100 (100 VINTAGE WAY, NOVATO CA 94945) | 1001211 (202 WALNUT STREET, REDWOOD CITY CA 94063) | SPORTS BASEMENT 202 (202 WALNUT STREET, REDWOOD CITY CA 94063) | SPORTS BASEMENT CAMPBELL (1875 S. BASCOM AVE, CAMPBELL CA 95008) | SPORTS BASEMENT SUNNY (1177 KERN AVENUE, SUNNYVALE CA 94085) | SPORTS BASEMENT  (1881 YGNACIO VALLEY ROAD, WALNUT CREEK CA 94598)"
SPORTS BASEMENT,name,1,13,"SPORTS BASE 100 (100 VINTAGE WAY, NOVATO CA 94945) | 1001211 (202 WALNUT STREET, REDWOOD CITY CA 94063) | SPORTS BASEMENT 202 (202 WALNUT STREET, REDWOOD CITY CA 94063) | SPORTS BASEMENT CAMPBELL (1875 S. BASCOM AVE, CAMPBELL CA 95008) | SPORTS BASEMENT SUNNY (1177 KERN AVENUE, SUNNYVALE CA 94085) | SPORTS BASEMENT  (1881 YGNACIO VALLEY ROAD, WALNUT CREEK CA 94598)"
SPORTS BASEMENT,name,1,13,"SPORTS BASE 100 (100 VINTAGE WAY, NOVATO CA 94945) | 1001211 (202 WALNUT STREET, REDWOOD CITY CA 94063) | SPORTS BASEMENT 202 (202 WALNUT STREET, REDWOOD CITY CA 94063) | SPORTS BASEMENT CAMPBELL (1875 S. BASCOM AVE, CAMPBELL CA 95008) | SPORTS BASEMENT SUNNY (1177 KERN AVENUE, SUNNYVALE CA 94085) | SPORTS BASEMENT  (1881 YGNACIO VALLEY ROAD, WALNUT CREEK CA 94598)"
SPORTS BASEMENT,name,1,13,"SPORTS BASE 100 (100 VINTAGE WAY, NOVATO CA 94945) | 1001211 (202 WALNUT STREET, REDWOOD CITY CA 94063) | SPORTS BASEMENT 202 (202 WALNUT STREET, REDWOOD CITY CA 94063) | SPORTS BASEMENT CAMPBELL (1875 S. BASCOM AVE, CAMPBELL CA 95008) | SPORTS BASEMENT SUNNY (1177 KERN AVENUE, SUNNYVALE CA 94085) | SPORTS BASEMENT  (1881 YGNACIO VALLEY ROAD, WALNUT CREEK CA 94598)"
SPORTS BASEMENT,name,1,13,"SPORTS BASE 100 (100 VINTAGE WAY, NOVATO CA 94945) | 1001211 (202 WALNUT STREET, REDWOOD CITY CA 94063) | SPORTS BASEMENT 202 (202 WALNUT STREET, REDWOOD CITY CA 94063) | SPORTS BASEMENT CAMPBELL (1875 S. BASCOM AVE, CAMPBELL CA 95008) | SPORTS BASEMENT SUNNY (1177 KERN AVENUE, SUNNYVALE CA 94085) | SPORTS BASEMENT  (1881 YGNACIO VALLEY ROAD, WALNUT CREEK CA 94598)"
JAMIS CONSUMER ALL ACCESS,address,1,2,"RACELINE CYCLE WORKS (1922 NEW YORK AVENUE, HUNTINGTON STATION NY 11746) | 8540 (1922 NEW YORK AVE, HUNTINGTON STATION NY 11746)"
ISLAND LIFE BIKE RENTALS,name,1,2,"562500 (119 ARROW ROAD, HILTON HEAD SC 29926) | ISLAND LIFE BIKE RENTALS (119 ARROW ROAD SUITE E, HILTON HEAD SC 29926)"
JAMIS CONSUMER ALL ACCESS,address,1,3,"COMET TRAIL CYCLES (4342 FLOYD RD, MABLETON GA 30126) | COMET (4342 FLOYD ROAD, MABLETON GA 30126) | 768100 (4342 FLOYD ROAD, MABLETON GA 30126)"
WANA BIKE,name,1,3,"WANNA (200 WEST MAIN STREET, WAUNAKEE WI 53597) | 771300 (200 W. MAIN STREET, WAUNAKEE WI 53597) | WANA BIKE (200 W. MAIN STREET, WAUNAKEE WI 53597)"
MERIDIAN CYCLES,name,1,5,"975600 (1203 NORTH  MAIN STREET, MERIDIAN ID 83642) | MERIDIAN CY (830 n. main street, MERIDIAN ID 83642) | MERIDIAN (1203 N. MAIN STREET, MERIDIAN ID 83642) | PROSP (830 E.Main Street, Meridian ID 83642) | MERIDIAN CYCLES (1203 N MAIN STREET, MERIDIAN ID 83642)"
JAMIS CONSUMER ALL ACCESS,address,1,4,"761300 (65 UNIVERSITY DRIVE, AMHERST MA 01002) | HAMPSHIRE BICYCLE  (65 UNIVERSITY DRIVE, AMHERST MA 01002) | HAMPSHIRE BICYCLE EXCHANG (65 UNIVERSITY DRIVE, AMHERST MA 01002) | HAMPSHIRE (65 UNIVERSITY DRIVE, AMHERST MA 01002)"
DOWNTOWN BICYCLES,name,1,2,"DOWNTOWN BICYCLES (2571 E. SUNRISE BLVD., FORT LAUDERDALE FL 33304) | DOWNTOWN BICYCLES OAKLAND (518 E OAKLAND PARK BLVD, OAKLAND PARK FL 33334)"
NOW BIKES AND FITNESS,name,1,4,"NOW BIKES & FITNESS (1201 COUNTY ROAD E, ARDEN HILLS MN 55112) | NOW BIKES AND FITNESS (1201 COUNTY ROAD E., ARDEN HILLS MN 55112) | 533100 (1201 Country Road E, Suite 100, Arden Hills MN 55112) | NOW BIKES 75 (75 SNEILING AVE NORTH, ST. PAUL MN 55104)"
SCOTTEE'S WESTPORT BICYCLE,name,1,2,"938500 (1125 STATE ROAD, WESTPORT MA 02790) | SCOTTEE'S WESTPORT BICYCL (1125 STATE ROAD, WESTPORT MA 02790)"
MANASQUAN BIKE SHOP,name,1,5,"678000 (128 Main Street, Manasquan NJ 08736) | 0678000 (128 MAIN STREET, MANASQUAN NJ 08736) | MANASQUAN BIKE SHOP (128 MAIN ST, MANASQUAN NJ 08736) | MANASQ 128 (128 MAIN STREET, MANASQUAN NJ 08736) | MANASQUAN (128 MAIN STREET, MANASQUAN NJ 08736)"
GORGES CYCLES,name,1,4,"GORGES CYCLES 2255 (2255 N TRIPHAMMER ROAD, ITHACA NY 14850) | 487500 (38 FOREST ACRES DR, ITHACA NY 14850) | GORGES CYCLES (2255 N TRIPHAMMER RD, ITHACA NY 14850) | 487501 (2255 N TRIPHAMMER, ITHACA NY 14850)"
BRIELLE CYCLERY INC,name,1,2,"BRIELLE CYCLERY (205 UNION AVENUE, BRIELLE NJ 08730) | 205300 (205 UNION AVENUE, BRIELLE NJ 08730)"
WINTER GARDEN WHEEL WORKS,name,1,3,"1112100 (101 W PLANT STREET, WINTER GARDEN FL 34787) | WINTER GARDEN (101 W PLANT STREET, WINTER GARDEN FL 34787) | WINTER GARDEN WHEEL WORKS (101 W. PLANT STREET, WINTER GARDEN FL 34787)"
THE CYKEL SHOP,name,1,2,"THE CYKEL SHOP (109 WEST CHICAGO STREET, COLDWATER MI 49036) | 835000 (109 WEST CHICAGO ST, COLDWATER MI 49036)"
KOZY'S CYCLERY,name,1,9,"KOZY CHICAGO (219 WEST ERIE, CHICAGO IL 60654) | 757502 (219 WEST ERIE, CHICAGO IL 60654) | KOZY'S 2540 (2540 S. WABASH AVENUE, CHICAGO IL 60616) | KOZY'S CYCLERY (811 S.DESPLAINS, CHICAGO IL 60607) | KOZY'S 3255 (3255 N. MILWAUKEE AVE, CHICAGO IL 60618) | CHRIS BALLACK (811 S. Desplains, Chicago IL 60607)"
JAMIS CONSUMER ALL ACCESS,address,1,3,"515001 (3800 WHEELER AVE, ALEXANDRIA VA 22304) | 5150 (3800 WHEELER AVE, ALEXANDRIA VA 22304) | HANDY BIKES (3800 WHEELER AVE, ALEXANDRIA VA 22304)"
INDEPENDENT BICYCLE CO,name,1,2,"55900 (50 WEST BAY AVE, MANAHAWKIN NJ 08050) | INDEPENDENT BICYCLE CO (50 WEST BAY AVE, MANAHAWKIN NJ 08050)"
HERITAGE TRAILS BIKE SHOP,name,1,2,"772700 (6435 SOUTH 600 WEST, POPEKA IN 46571) | HERITAGE TRAILS (5880 W 100 N, LAGRANGE IN 46761)"
HEALTHY HABITS,name,1,3,"HEALTHY HABITS  (3651 DEVILS GLEN ROAD, BETTENDORF IA 52722) | 542400 (3651 DEVILS GLEN ROAD, BETTENDORF IA 52722) | HEALTHY HABITS (3441 DEVILS GLEN ROAD, BETTENDORF IA 52722)"
PRO CYCLES,name,1,3,"PRO CYCLE (2305 NW FEDERAL HIGHWAY, STUART FL 34994) | 999700 (2305 NW FEDERAL HWY, STUART FL 34994) | PRO CYCLES (2305 NW FEDERAL HWY, STUART FL 34994)"
WEST NEWTON BICYCLE SHOP LLC,name,1,2,"WEST NEWTON BICYCLE SHOP (106 WEST MAIN STREET, WEST NEWTON PA 15089) | 1199000 (106 WEST MAN STREET, WEST NEWTON PA 15089)"
TROYERS BICYCLES,name,1,3,"TROYERS (11446 SPRINGBORO ROAD, SPRINGBORO PA 16435) | 1167800 (11446 SPRINGBORO ROAD, SPRINGBORO PA 16435) | TROYERS BICYCLES (11446 SPRINGBORO ROAD, SPRINGBORO PA 16435)"
CELESTIAL CYCLES LLC,name,1,3,"641900 (2929 W. HEFNER ROAD, OKLAHOMA CITY OK 73120) | CELESTIAL (2929 W. HEFNER ROAD, OKLAHOMA CITY OK 73120) | CELESTIAL CYCLES LLC (2929 W HEFNER ROAD, OKLAHOMA CITY OK 73120)"
JAMIS CONSUMER ALL ACCESS,address,1,4,"000855000 (605 GREEN BAY ROAD, WILMETTE IL 60091) | WILMETTE (605 GREEN BAY ROAD, WILMETTE IL 60091) | 855000 (605 GREEN BAY ROAD, WILMETTE IL 60091) | WILMETTE BICYCLE SHOP (605 GREEN BAY ROAD, WILMETTE IL 60091)"
VAIL BIKE TECH,name,1,2,"1078200 (555 EAST LIONHEAD CIRCLE, VAIL CO 81658) | VAIL BIKE TECH (555 E LIONHEAD CIRCLE, VAIL CO 81658)"
MC CYCLE & SPORT,name,1,4,"MC CYCLE (574 MAIN STREET, LACONIA NH 03246) | MC CYCLE & SPORT (574 MAIN STREET, LACONIA NH 03246) | 1083900 (574 MAIN STREET, LACONIA NH 03246) | MC  (574 MAIN STREET, LACONIA NH 03246)"
BIKE TECH,name,1,7,"BIKE TECH 3003 (3003 VINEVILLE AVE, MACON GA 31204) | 000440700 (909 2ND STREET, MACON GA 31201) | BIKE TECH BOOT (909 2ND STREET, MACON GA 31201) | BIKE TECH MACON (909 2ND STREET, MACON GA 31201) | 440700 (909 2ND STREET, MACON GA 31201) | BIKE TECH (CORAL) (2220 SW 22nd Street, MIAMI FL 33145)"
FREEDOM BIKES,name,1,2,"499000 (1201 LOOP 332 - SUITE 300, LIBERTY HILL TX 78642) | FREEDOM BIKES  (15399 W. STATE HIGHWAY 29, LIBERTY HILL TX 78642)"
JAMIS CONSUMER ALL ACCESS,address,1,6,"PEDAL PUSHER PA (3798 WALNUT STREET, HARRISBURG PA 17109) | 838000 (3798 WALNUT STREET, HARRISBURG PA 17109) | PEDAL 3798 (3798 WALNUT STREET, HARRISBURG PA 17109) | PEDAL PUSHERS-PA (3798 WALNUT STREET, HARRISBURG PA 17109) | PEDAL PUSHER 3798 (3798 WALNUT STREET, HARRISBURG PA 17109) | PEDAL PUSHER (3798 WALNUT STREET, HARRISBURG PA 17109)"
SWITCHING GEARS BICYCLE SHOP,name,1,4,"993500 (604 FORT RALEIGHT DRIVE, VIRGINIA BEACH VA 23451) | 993501 (2248 SEASHORE SHOPPES, VIRGINIA BEACH VA 23451) | SWITCHING GEARS BICYCLE (2248 SEASHORE SHOPPES, VIRGINIA BEACH VA 23451) | SWITCHING GEARS BICYCLE S (2248 SEASHORE SHOPPES, VIRGINIA BEACH VA 23451)"
THE BIKE HUB,name,1,2,"785400 (1025 N. BROADWAY, DE PERE WI 54115) | THE BIKE HUB (1025 N. BROADWAY, DE PERE WI 54115)"
GOOD TIMES CYCLE AND ADVENTURE,name,1,3,"GOOD TIMES (1318 RIVERLAND ROAD, ROANOKE VA 24014) | 499500 (1318 RIVERLAND ROAD, ROANOKE VA 24014) | GOOD TIMES CYCLE AND ADVE (1318 RIVERLAND ROAD, ROANOKE VA 24014)"
ENGINE 9 CYCLES,address,1,3,"475200 (611 NORTH 2ND STREET, PHILADELPHIA PA 19123) | CHRISTINI AWD BIKES (611 N 2ND STREET, PHILADELPHIA PA 19123) | TROPHY (611 N. 2ND STREET, PHILADELPHIA PA 19123)"
"BUENA VISTA CONCESSIONS, INC",name,1,2,"BUENA VISTA (6314 KINGS POINTE PKWY, UNIT 2, ORLANDO FL 32819) | BUENA VISTA 7330 (7330 EXCHANGE DRIVE, ORLANDO FL 32809)"
"SUGAR BOTTOM BIKES, INC.",name,1,2,"SUGAR BOTTOM BIKES (325 NORTH DUBUQUE STREET, NORTH LIBERTY IA 52317) | 1047500 (325 NORTH DUBUQUE STREET, NORTH LIBERTY IA 52317)"
ISLAND BIKE AND SURF SHOP,name,1,6,"579501 (3665 BOHICKET ROAD, JOHNS ISLAND SC 29455) | ISLAND BIKE $ SURF (3665 BOHICKET ROAD, JOHNS ISLAND SC 29455) | ISLAND BIKE AND SURF SHOP (3665 BOHICKET ROAD, JOHNS ISLAND SC 29455) | ISLAND BIKE AND SURF (3665 BETSY KERRISON PKWY, JOHNS ISLAND SC 29455) | 5795 (2665 BETSY KERRISON PKWY, JOHNS ISLAND SC 29455) | 579500 (3665 BOHICKET ROAD, JOHNS ISLAND SC 29455)"
EPIC CYCLES,name,1,8,"575000 (102 SUTTON AVE, BLACK MOUNTAIN NC 28711) | EPIC CYCLES ASHVILLE (1240 BREVARD ROAD, ASHEVILLE NC 28806) | EPIC CYCLES HENDERSONVILL (779 NORTH CHURCH STREET, HENDERSONVILLE NC 28792) | 575002 (1240 BREVARD AVE, ASHEVILLE NC 28806) | EPIC CYCLES   (102 SUTTON AVE, BLACK MOUNTAIN NC 28711) | 575001 (779 NORTH CHURCH STREET, HENDERSONVILLE NC 28792)"
SHEPHERDSTOWN PEDAL & PADDLE,name,1,5,"SHEPHERDSTOWN (115 west german st, SHEPHERDSTOWN WV 25443) | 9550001 (115 WEST GERMAN STREET, SHEPHERDSTOWN WV 25443) | 955000 (115 WEST GERMAN STREET, SHEPHERDSTOWN WV 25443) | SHEPHERDSTOWN PEDAL & PAD (115 WEST GERMAN STREET, SHEPHERDSTOWN WV 25443) | SHEPERDSTOWN PEDAL & PADD (115 WEST GERMAN STREET, SHEPHERDSTOWN WV 25443)"
Wersells bike shop,name,1,3,"1109600 (2860 WEST CENTRAL AVENUE, TOLEDO OH 43606) | WERSELLS BIKE SHOP (2860 WEST CENTRAL AVENUE, TOLEDO OH 43606) | WERSELLS (2860 WEST CENTRAL AVENUE, TOLEDO OH 43606)"
RIDE-A-BIKE BICYCLE SHOP,name,1,3,"000169700 (140 EAST MAIN AVE, GASTONIA NC 28052) | RIDE A BIKE  (140 E MAIN AVE, GASTONIA NC 28052) | 169700 (140 E. MAIN AVENUE, GASTONIA NC 28052)"
REVOLUTION BICYCLES,name,1,3,"REVOLUTION BICYCLES (2811 F STREET, EUREKA CA 95501) | REVOLUTION 388 (388 HASBROUCK AVENUE, KINGSTON NY 12401) | REVOLUTION-NY (190 MAIN STREET, SAUGERTIES NY 12477)"
HERITAGE CYCLES,name,1,3,"226600 (3449 GROVE CITY ROAD, GROVE CITY OH 43123) | HERITAGE CYCLES (3449 GROVE CITY ROAD, GROVE CITY OH 43123) | HERITAGE (3449 GROVE CITY ROAD, GROVE CITY OH 43123)"
VILLAGE BIKE SHOP,name,1,3,"10870 (936 MYRNA RD. ERMA, CAPE MAY NJ 08204) | 1087001 (605 LAFAYETTE STREET, CAPE MAY NJ 08204) | VILLAGE BIKE SHOP (605 LAFAYETTE STREET, CAPE MAY NJ 08204)"
CHUCK'S BIKES,name,1,3,"CHUCKS BIKES  (45 BRIDGE STREET, MORRISVILLE VT 05661) | CHUKS (45 BRIDGE STREET, MORRISVILLE VT 05661) | CHUCK 45 (45 BRIDGE STREET, MORRISVILLE VT 05661)"
CELESTIAL CYCLES LLC,name,1,3,"641900 (2929 W. HEFNER ROAD, OKLAHOMA CITY OK 73120) | CELESTIAL (2929 W. HEFNER ROAD, OKLAHOMA CITY OK 73120) | CELESTIAL CYCLES LLC (2929 W HEFNER ROAD, OKLAHOMA CITY OK 73120)"
Bulls eye bike shop,name,1,4,"1085900 (700 WEST HICKORY STREET, DENTON TX 76201) | BULLS EYE (108 W. MCKINNEY ST #100, DENTON TX 76201) | BULLS EYE BIKE SHOP (700 W. HICKORY STREET, DENTON TX 76201) | BULLS EYE 700 (700 W. HICKORY STREET, DENTON TX 76201)"
TUCKER CYCLES,name,1,3,"1049500 (3544 ST JOHNS AVE, JACKSONVILLE FL 32205) | TUCKER CYCLES (3544 ST JOHNS AVENUE, JACKSONVILLE FL 32205) | TUCKER CYCKES (3544 ST JOHNS AVE, JACKSONVILLE FL 32205)"
CYCLE ZONE BIKE SHOP,name,1,3,"CYCLE ZONE BIKE SHOP (9939 COUNTY ROAD, BELLE CENTER OH 43310) | CYCLE ZONE (9939 COUNTY ROAD 101, BELLE CENTER OH 43310) | 1191100 (9939 COUNTY ROAD 101, BELLE CENTER OH 43310)"
TUCKAHOE BIKE SHOP,name,1,4,"TUCKAHOE BIKE SHOP (2151 ROUTE 50, WOODBINE NJ 08270) | TUCKAHOE (1235 WEST AVENUE, OCEAN CITY NJ 08226) | 38600 (2151 ROUTE 50, WOODBINE NJ 08270) | 1038600 (2151 ROUTE 50, WOODBINE NJ 08270)"
WERSELLS BIKE SHOP,name,1,3,"1109600 (2860 WEST CENTRAL AVENUE, TOLEDO OH 43606) | WERSELLS BIKE SHOP (2860 WEST CENTRAL AVENUE, TOLEDO OH 43606) | WERSELLS (2860 WEST CENTRAL AVENUE, TOLEDO OH 43606)"
ELEVATION SPORTS INC,name,1,2,"1007900 (3100 ROBERT C. BYRD DRIVE, BECKLEY WV 25801) | ELEVATION SPORTS (3100 ROBERT C. BYRD DRIVE, BECKLEY WV 25801)"
THE BIKE FACTORY,name,1,2,"BIKE FACTORY (198 ZAN ROAD, CHARLOTTESVILLE VA 22901) | THE BIKE FACTORY (616 FRANKLIN AVENUE, EDWARDSVILLE IL 62025)"
SPORTS BASEMENT,name,1,13,"SPORTS BASE 100 (100 VINTAGE WAY, NOVATO CA 94945) | 1001211 (202 WALNUT STREET, REDWOOD CITY CA 94063) | SPORTS BASEMENT 202 (202 WALNUT STREET, REDWOOD CITY CA 94063) | SPORTS BASEMENT CAMPBELL (1875 S. BASCOM AVE, CAMPBELL CA 95008) | SPORTS BASEMENT SUNNY (1177 KERN AVENUE, SUNNYVALE CA 94085) | SPORTS BASEMENT  (1881 YGNACIO VALLEY ROAD, WALNUT CREEK CA 94598)"
GEMINI BICYCLE & FITNESS CTR,name,1,3,"GEMINI (4936 EVERHARD ROAD NW, CANTON OH 44718) | 478200 (4936 EVERHARD ROAD NW, CANTON OH 44718) | GEMINI BICYCLE & FITNESS  (4936 EVERHARD ROAD NW, CANTON OH 44718)"
WEST NEWTON BICYCLE SHOP LLC,name,1,2,"WEST NEWTON BICYCLE SHOP (106 WEST MAIN STREET, WEST NEWTON PA 15089) | 1199000 (106 WEST MAN STREET, WEST NEWTON PA 15089)"
THE BIKE LANE,name,1,3,"226000 (7437 AMBOY ROAD, STATEN ISLAND NY 10307) | BIKE L (2116 W. BEEBE CAPPS EXPY, SEARCY AR 72143) | THE BIKE LANE (2116 W. BEEBE CAPPS EXPWY, SEARCY AR 72143)"
BUSYTOWN BIKES LLC,name,1,3,"BUSY (996 SABATTUS STREET, LEWISTON ME 04240) | BUSYT (996 Sabattus Street, Lewiston ME 04240) | BUSYTOWN (996 Sabattus Street, Lewiston ME 04240)"
ISLAND BIKE AND SURF SHOP,name,1,6,"579501 (3665 BOHICKET ROAD, JOHNS ISLAND SC 29455) | ISLAND BIKE $ SURF (3665 BOHICKET ROAD, JOHNS ISLAND SC 29455) | ISLAND BIKE AND SURF SHOP (3665 BOHICKET ROAD, JOHNS ISLAND SC 29455) | ISLAND BIKE AND SURF (3665 BETSY KERRISON PKWY, JOHNS ISLAND SC 29455) | 5795 (2665 BETSY KERRISON PKWY, JOHNS ISLAND SC 29455) | 579500 (3665 BOHICKET ROAD, JOHNS ISLAND SC 29455)"
GRANADA CYCLERY,name,1,2,"588500 (235 MID RIVERS MALL DRIVE, SAINT PETERS MO 63376) | GRANADA CYCLERY (235 MID RIVERS MALL DRIVE, SAINT PETERS MO 63376)"
BORDER BICYCLE,name,1,3,"299500 (1861 JOE BATTLE BLVD, EL PASO TX 79936) | BORDER BICYCLE (4650 WOODROW BEAN TRANSMTN DR., EL PASO TX 79924) | BORDER BICYCLES (1861 JOE BATTLE BLVD STE 3-4, EL PASO TX 79936)"
CRYSTAL RIVER OUTFITTERS,name,1,4,"CRYSTAL RIVER (6260 W. RIVER ROAD, GLEN ARBOR MI 49636) | 501501 (6260 W. RIVER ROAD, GLEN ARBOR MI 49636) | 501500 (6102 CALUSA RIDGE TRAIL, BOKEELIA FL 33922) | CRYSTAL RIVER OUTFITTERS (6260 W RIVER RD, GLEN ARBOR MI 49636)"
"TWO WHEELER DEALER, INC",name,1,5,"TWO WHEELER DEALER (4408 WRIGHTSVILLE AVENUE, WILMINGTON NC 28403) | 1071000 (4408 WRIGHTSVILLE AVENUE, WILMINGTON NC 28403) | TWO WHEELER NC (4408 WRIGHTSVILLE AVENUE, WILMINGTON NC 28403) | TWO WHEELER DEALER INC (4408 WRIGHTSVILLE AVENUE, WILMINGTON NC 28403) | TWO WHEELER SD (3315 SOUTH SPRING AVENUE, SIOUX FALLS SD 57105)"
ESTERO BICYCLE CAFE,name,1,2,"425500 (20041 S.  TAMIAMI TRAIL - SUITE 7, ESTERO FL 33928) | ESTERO BICYLE CAFE (20041 S. TAMIAMI TRAIL, ESTERO FL 33928)"
ERIC'S BIKE SHOP,name,1,3,"851000 (12 EAST MAIN STREET, HAMBURG NY 14075) | ERIC'S BIKE SHOP (12 EAST MAIN STREET, HAMBURG NY 14075) | ERIC'S BIKE (12 EAST MAIN STREET, HAMBURG NY 14075)"
FREEDOM BIKES,name,1,2,"499000 (1201 LOOP 332 - SUITE 300, LIBERTY HILL TX 78642) | FREEDOM BIKES  (15399 W. STATE HIGHWAY 29, LIBERTY HILL TX 78642)"
HARBOR BIKE AND BEACH,name,1,5,"505600 (9828 3RD AVE, STONE HARBOR NJ 08247) | 5056 (9828 3RD AVE, STONE HARBOR NJ 08247) | HARBOR BIKE AND BEACH (9828 3RD AVENUE, STONE HARBOR NJ 08247) | HARBOR (9828 3rd ave, STONE HARBOR NJ 08247) | 598500 (9828 3RD AVE, STONE HARBOR NJ 08247)"
"AROUND THE CYCLE, LLC",name,1,2,"AROUND THE CYCLE (1270 LINCOLN AVENUE, PASADENA CA 91103) | 760000 (1270 LINCOLN AVE - #1500, PASADENA CA 91103)"
HEALTHY HABITS,name,1,3,"HEALTHY HABITS  (3651 DEVILS GLEN ROAD, BETTENDORF IA 52722) | 542400 (3651 DEVILS GLEN ROAD, BETTENDORF IA 52722) | HEALTHY HABITS (3441 DEVILS GLEN ROAD, BETTENDORF IA 52722)"
ELITE CYCLING AND FITNESS,name,1,2,"ELITE CYCLING (13108 S. DIXIE HIGHWAY, MIAMI FL 33156) | 99914300 (13108 S. DIXIE HWY, MIAMI FL 33156)"
ILLINOIS CYCLE & FITNESS,name,1,2,"ILLINOIS (9016 N. ALLEN ROAD, PEORIA IL 61615) | 89300 (9016 N. ALLEN RD, PEORIA IL 61615)"
TWIN SISTERS CYCLING & FITNESS,name,1,3,"721700 (208 W BROADWAY, SILVER CITY NM 88061) | TWIN SISTERS CYCLING & FI (208 W BROADWAY, SILVER CITY NM 88061) | TWIN SISTERS CYCLING  (303 N BULLARD ST., SILVER CITY NM 88061)"
WESTERVILLE BIKE SHOP,name,1,2,"WESTERVILLE BIKE SHOP (29 W MAIN, WESTERVILLE OH 43081) | 9695 (29 W MAIN, WESTERVILLE OH 43081)"
THE PORT JEFFERSON BIKE DR,name,1,4,"THE PORT JEFFERSON BIKE D (5507 NESCONSET HWY, MT SINAI NY 11766) | 994200 (4747 ROUTE 347, PT. JEFF STATION NY 11776) | THE PORT JEFF (4747 ROUTE 347, PORT JEFFERSON STATION NY 11776) | THE PORTJEFFERSON BIKE DR (4747 ROUTE 347, PORT JEFFERSON STATION NY 11776)"
BICYCLE PEDDLER/SAVANNAH RAPIDS KAYAK RENTAL,address,1,2,"BICYCLE PEDDLER (8 SAVANNAH RAPIDS TRAIL, MARTINEZ GA 30907) | 743802 (8 SAVANNAH RAPIDS TRAIL, MARTINEZ GA 30907)"
BLUE HILLS BIKES & TOURS,name,1,5,"BLUE HILLS (202 SOUTH 4TH, OSBORNE KS 67473) | 862201 (107 SOUTH 1ST STREET, OSBORNE KS 67473) | BLUE HILLS BIKES & TOURS (107 SOUTH 1ST STREET, OSBORNE KS 67473) | 862200 (107 S. 1ST STREET, OSBORNE KS 67473) | BLUE HILLS 107 (107 SOUTH 1ST STREET, OSBORNE KS 67473)"
THE BICYCLE BARN,name,1,4,"THE BICYCLE BARN (693 Voak Road, Penn Yan NY 14527) | THE BICYCLE CORNER (693 Voak Road, Penn Yan NY 14527) | 000741600 (693 VOAK ROAD, PENN YAN NY 14527) | 741600 (718 COAK ROAD, PENN YAN NY 14527)"
SPORTS BASEMENT,name,1,13,"SPORTS BASE 100 (100 VINTAGE WAY, NOVATO CA 94945) | 1001211 (202 WALNUT STREET, REDWOOD CITY CA 94063) | SPORTS BASEMENT 202 (202 WALNUT STREET, REDWOOD CITY CA 94063) | SPORTS BASEMENT CAMPBELL (1875 S. BASCOM AVE, CAMPBELL CA 95008) | SPORTS BASEMENT SUNNY (1177 KERN AVENUE, SUNNYVALE CA 94085) | SPORTS BASEMENT  (1881 YGNACIO VALLEY ROAD, WALNUT CREEK CA 94598)"
CAMBRIDGE BICYCLES,name,1,4,"208300 (259 MASSACHUSETTS AVENUE, CAMBRIDGE MA 02139) | . (259 Massachusetts Avenue, Cambridge MA 02139) | CAMBRIDGE BICYCLES (259 MASSACHUSETTS AVENUE, CAMBRIDGE MA 02139) | CAMBRIDGE (259 MASSACHUSETTS AVENUE, CAMBRIDGE MA 02139)"
BABYLON BICYCLE SHOP LTD,name,1,2,"1069400 (218 EAST MAIN STREET, BABYLON NY 11702) | BABYLON BICYCLE SHOP LTD. (218 EAST MAIN STREET, BABYLON NY 11702)"
FITZHARRIS SKI BIKE & OUTDOOR,name,1,2,"596200 (105 7TH AVENUE, ST. CLOUD MN 56301) | FITZHARRIS (105 7TH AVENUE SOUTH, ST. CLOUD MN 56301)"
"KRISTI MOUNTAIN SPORTS, LLC",name,1,2,"KRISTI MOUNTAIN SPORTS LL (3223 MAIN ST, ALAMOSA CO 81101) | 638500 (3223 MAIN STREET, ALAMOSA CO 81101)"
DENVER BIKE AND SKI REPAIR,name,1,3,"DENVER BIKE  & SKI REPAIR (3541 W 44TH AVENUE, DENVER CO 80211) | 447500 (3541 WEST 44TH AVE, DENVER CO 80211) | DENVER BIKE  (3541 WEST 44TH AVENUE, DENVER CO 80211)"
LOWE RIDERS ACTION SPORTS,name,1,2,"1078800 (300 EAST LANCASTER AVENUE, DOWINGTON PA 19335) | LOWE RIDERS (300 E. LANCASTER AVENUE, DOWNINGTOWN PA 19335)"
FINNIMORE CYCLE SHOP,name,1,2,"FINNIMORE CYCLE SHOP (2353 PERIWINKLE WAY, SANIBEL FL 33957) | 1025101 (2353 PERIWINKLE WAY, SANIBEL FL 33957)"
BEACH BICYCLE SHOP,name,1,3,"999572700 (8110 FRONT BEACH RD, PANAMA BEACH FL 32407) | BEACH BICYCLE SHOP (8110 FRONT BEACH ROAD, PANAMA CITY BEACH FL 32407) | BEACHF (8110 Front Beach Rd., Panama City Beach FL 32407)"
UPSTATE CYCLES LLC,name,1,3,"UPSTATE CYCLES (135 E FAIRMOUNT AVE, LAKEWOOD NY 14750) | UPSTATE CYCLES LLC (135 E FAIRMOUNT AVE, LAKEWOOD NY 14750) | 709001 (135 E. FAIRMOUNT AVE STE 4, LAKEWOOD NY 14750)"
BIKE LAND II,name,1,2,"124300 (146 MAIN STREET, CHATHAM NJ 07928) | BIKE LAND II (146 MAIN STREET, CHATHAM NJ 07928)"
BIKE ATTACK PLAYA VISTA,name,1,3,"1091900 (12775 W. MILLENIUM STE 125, PLAYA VISTA CA 90094) | BIKE ATTACK PLAY (12775 W. MILLENIUM, PLAYA VISTA CA 90094) | BIKE ATTACK PLAYA VISTA (12775 W MILLENIUM, PLAYA VISTA CA 90094)"
THE BEACH STORE & MORE,name,1,3,"THE BEACH STORE (2021 S FLETCHER AVE, FERNANDINA BEACH FL 32034) | 887300 (2021 S FLETCHER AVE, FERNANDINA BEACH FL 32034) | THE BEACH STORE & MORE (2021 S FLETCHER AVE, FERNANDINA BEACH FL 32034)"
SLASH CREEK OUTFITTERS,name,1,4,"945000 (57689 HWY 12, HATTERAS NC 27943) | SLASH CREEK OUTFITTERS  (57689 HWY 12, HATTERAS NC 27943) | 945001 (57698 NC HIGHWAY 12, HATTERAS NC 27943) | SLASH CEEK OUTFITTERS  (57698 NC HIGHWAY 12 AVENUE, HATTERAS NC 27943)"
MERIDIAN CYCLES,name,1,5,"975600 (1203 NORTH  MAIN STREET, MERIDIAN ID 83642) | MERIDIAN CY (830 n. main street, MERIDIAN ID 83642) | MERIDIAN (1203 N. MAIN STREET, MERIDIAN ID 83642) | PROSP (830 E.Main Street, Meridian ID 83642) | MERIDIAN CYCLES (1203 N MAIN STREET, MERIDIAN ID 83642)"
SPUN BICYCLES,name,1,3,"SPUN (4033 HAMILTON AVENUE, CINCINNATI OH 45223) | SPUN BICYCLES (4033 HAMILTON AVENUE, CINCINNATI OH 45223) | 1145500 (4033 HAMILTON AVENUE, CINCINNATI OH 45223)"
HERITAGE TRAILS BIKE SHOP,name,1,2,"772700 (6435 SOUTH 600 WEST, POPEKA IN 46571) | HERITAGE TRAILS (5880 W 100 N, LAGRANGE IN 46761)"
EDGEBROOK CYCLE,name,1,4,"EDGEBROOK CYCLES  (6450 N. CENTRAL AVENUE, CHICAGO IL 60646) | 680400 (6450 N. CENTRAL AVENUE, CHICAGO IL 60646) | EDGEBROOK (6450 N. CENTRAL AVENUE, CHICAGO IL 60646) | 000680400 (6450 N CENTRAL AVE, CHICAGO IL 60646)"
CUTTING EDGE,name,1,3,"CUTTING EDGE (945 FARMINGTON AVE, BERLIN CT 06037) | 777600 (146 MILL STREET, BERLIN CT 06037) | CUTTINGEDGE (146 MILL STREET, BERLIN CT 06037)"
ISLAND BIKE SHOP,name,1,3,"999552500 (1095 BALD EAGLE DRIVE, MARCO ISLAND FL 34145) | ISLAND BIKE SHOP (1095 BALD EAGLE DRIVE, MARCO ISLAND FL 34145) | 552500 (1095 BALD EAGLE DRIVE, MARCO ISLAND FL 34145)"
GOOD TIMES CYCLE AND ADVENTURE,name,1,3,"GOOD TIMES (1318 RIVERLAND ROAD, ROANOKE VA 24014) | 499500 (1318 RIVERLAND ROAD, ROANOKE VA 24014) | GOOD TIMES CYCLE AND ADVE (1318 RIVERLAND ROAD, ROANOKE VA 24014)"
WHEELHOUSE BICYCLE,name,1,3,"WHEELHOUSE BICYCLE (770 NORTH NEW BALLAS ROAD, CREVE COEUR MO 63141) | 1196001 (770 NORTH NEW BALLAS RD, CREVE COEUR MO 63141) | WHEELHOUSE (770 NORTH NEW BALLAS RD, CREVE COEUR MO 63141)"
Greenway bikehouse,name,1,2,"GREENWAY BIKEHOUSE (417 RIDGE RD, MUNSTER IN 46321) | 542500 (18418 WENTWORTH AVE - SUITE 1, LANSING IL 60438)"
MOJO CYCLING OF NEWTON,name,1,4,"MOJO CYCLING OF NEWTON (104 N 2ND AVE E, NEWTON IA 50208) | 790000 (104 NORTH 2ND AVENUE E, NEWTON IA 50208) | MOJO CYCLING OF (104 N 2ND AVENUE EAST, NEWTON IA 50208) | MOJO CYCLING 104 (104 N 2ND AVENUE EAST, NEWTON IA 50208)"
BICYCLE CELLAR OF FARMINGTON,address,1,3,"BLOOMFIELD BIKE SHOP  (532 HOPMEADOW, SIMSBURY CT 06070) | BICYCLE CELLAR (532 HOPMEADOW, SIMSBURY CT 06070) | BLOOMF (532 HOPMEADOW, SIMSBURY CT 06070)"
VIRTUOUS CYCLES,name,1,2,"1090200 (215 NORTH 10TH STREET, LAFAYETTE IN 47901) | VIRTUOUS CYCLES (215 NORTH 10TH STREET, LAFAYETTE IN 47901)"
ISLAND BICYCLES,name,1,3,"ISLAND BICYCLE LLC. (4324 LONG BEACH ROAD, SOUTHPORT NC 28461) | ISLAND BICYCLES (4324 LONG BEACH RD SE, SOUTHPORT NC 28461) | 588400 (929 TRUMAN AVENUE, KEY WEST FL 33040)"
RIDE AWAY BICYCLES,name,1,7,"896202 (2951 THOUSAND OAKS, SAN ANTONIO TX 78247) | 896200 (2951 THOUSAND OAKS - SUITE 102, SAN ANTONIO TX 78247) | RIDE AWAY BICYCLES (11075 W INTERSTATE 10, SAN ANTONIO TX 78230) | RIDE AWAY 11075 (11075 W INTERSTATE 10, SAN ANTONIO TX 78230) | RIDE AWAY THOUSAND OAKS (2951 THOUSAND OAKS, SAN ANTONIO TX 78247) | RIDE (5519 W. LOOP 1604N, STE 108, SAN ANTONIO TX 78253)"
BICYCLE TIME,name,1,7,"BICYCLE TIME 140 (140 GILES DRIVE, BOILING SPRINGS SC 29316) | BICYCLE T (3225 BOILING SPRING ROAD, BOILING SPRINGS SC 29316) | 30401 (140 GILES DRIVE, BOILING SPRINGS SC 29316) | 304101 (140 GILES DRIVE, BOILING SPRINGS SC 29316) | BICYCLE TIME SC (3225 BOILING SPRING RD, BOILING SPRINGS SC 29316) | BICYCLE TIME (3974 HWY 108 EAST, COLUMBUS NC 28722)"
TRULY SPOKEN CYCLES,name,1,3,"780500 (604 East Center Street, Milwaukee WI 53212) | TRULY (604 EAST CENTER STREET, MILWAUKEE WI 53212) | TRULY SPOKEN CYCLES (604 EAST CENTER STREET, MILWAUKEE WI 53212)"
INDEPENDENT BICYCLE CO,name,1,2,"55900 (50 WEST BAY AVE, MANAHAWKIN NJ 08050) | INDEPENDENT BICYCLE CO (50 WEST BAY AVE, MANAHAWKIN NJ 08050)"
ISLAND LIFE BIKE RENTALS,name,1,2,"562500 (119 ARROW ROAD, HILTON HEAD SC 29926) | ISLAND LIFE BIKE RENTALS (119 ARROW ROAD SUITE E, HILTON HEAD SC 29926)"
50 south SURF SHOP INC,name,0,3,"50 SOUTH (306 S. TOPSAIL DR., SURF CITY NC 28445) | 227400 (306 S. TOPSAIL DR, SURF CITY NC 28445) | 50 SOUTH SURF SHOP (306 S. TOPSAIL DR, SURF CITY NC 28445)"
WEST CHESTER CYCLERY,name,0,2,"WEST CHESTER CYCLERY (9304 CINCINNATI-COLUMBUS ROAD, WEST CHESTER OH 45241) | 1111900 (9304 CINCINNATI-COLUMBUS RD, WEST CHESTER OH 45241)"
50 south SURF SHOP INC,name,0,3,"50 SOUTH (306 S. TOPSAIL DR., SURF CITY NC 28445) | 227400 (306 S. TOPSAIL DR, SURF CITY NC 28445) | 50 SOUTH SURF SHOP (306 S. TOPSAIL DR, SURF CITY NC 28445)"
50 south SURF SHOP INC,name,0,3,"50 SOUTH (306 S. TOPSAIL DR., SURF CITY NC 28445) | 227400 (306 S. TOPSAIL DR, SURF CITY NC 28445) | 50 SOUTH SURF SHOP (306 S. TOPSAIL DR, SURF CITY NC 28445)"
50 south SURF SHOP INC,name,0,3,"50 SOUTH (306 S. TOPSAIL DR., SURF CITY NC 28445) | 227400 (306 S. TOPSAIL DR, SURF CITY NC 28445) | 50 SOUTH SURF SHOP (306 S. TOPSAIL DR, SURF CITY NC 28445)"
BICYCLE PEDDLER,name,0,7,"BICYCLE PEDDLER (8 SAVANNAH RAPIDS TRAIL, MARTINEZ GA 30907) | 743802 (8 SAVANNAH RAPIDS TRAIL, MARTINEZ GA 30907) | THE BICYCLE PEDDLER (C/O GEORGIA STATE FLORAL DIST., AUGUSTA GA 30906) | THE BICYCLE PEDDLER LLC (211 AVONDALE DRIVE, AUGUSTA GA 30907) | 743801 (430 PURBECK LANE, MARTINEZ GA 30907) | 1140600 (211 Avondale Drive, Augusta GA 30907)"
BORDER BICYCLE,name,0,3,"299500 (1861 JOE BATTLE BLVD, EL PASO TX 79936) | BORDER BICYCLE (4650 WOODROW BEAN TRANSMTN DR., EL PASO TX 79924) | BORDER BICYCLES (1861 JOE BATTLE BLVD STE 3-4, EL PASO TX 79936)"
BORDER BICYCLE,name,0,3,"299500 (1861 JOE BATTLE BLVD, EL PASO TX 79936) | BORDER BICYCLE (4650 WOODROW BEAN TRANSMTN DR., EL PASO TX 79924) | BORDER BICYCLES (1861 JOE BATTLE BLVD STE 3-4, EL PASO TX 79936)"
WERSELLS BIKE SHOP,name,0,3,"1109600 (2860 WEST CENTRAL AVENUE, TOLEDO OH 43606) | WERSELLS BIKE SHOP (2860 WEST CENTRAL AVENUE, TOLEDO OH 43606) | WERSELLS (2860 WEST CENTRAL AVENUE, TOLEDO OH 43606)"
WERSELLS BIKE SHOP,name,0,3,"1109600 (2860 WEST CENTRAL AVENUE, TOLEDO OH 43606) | WERSELLS BIKE SHOP (2860 WEST CENTRAL AVENUE, TOLEDO OH 43606) | WERSELLS (2860 WEST CENTRAL AVENUE, TOLEDO OH 43606)"
Biketek,name,0,6,"BIKETEK LLC (5842 FORBES AVENUE, PITTSBURGH PA 15217) | BIKETEK INC (957 CLOCK TOWER DRIVE, SPRINGFIELD IL 62704) | 864900 (5842 FORBES AVE, PITTSBURGH PA 15217) | 870800 (957 CLOCK TOWER DRIVE, SPRINGFIELD IL 62704) | 8708 (957 CLOCK TOWER DRIVE, SPRINGFIELD IL 62704) | BIKETEK (5842 FORBES AVENUE, PITTSBURGH PA 15217)"
