pickd_name,street,city,state,zip,orders,last_order
JAMIS CONSUMER ALL ACCESS,06 4427 RB N BC7 S/O 14 2024 RASPBERRY 374.95 374.95,ROCHESTER,NY,14609,72,2026-08-24
FACEBOOK SALES,1261 N PEBBLE LN,FORT MYERS,FL,33912,12,2026-08-03
SHIFT BICYCLE COMPANY,1111 1ST AVE N,BILLINGS,MT,59101,6,2026-08-10
RENAISSANCE CYCLERY LLC,49 w main dtreet,plainville ,CT,06062,5,2026-07-17
ATHENS BIKE WORKS,4 W STIMSON AVE,ATHENS,OH,45701,5,2026-08-13
TENAFLY BICYCLE WORKSHOP,03 3738 BK N TRL X A1 15 2025 GLOSS BLACK 480.95 480.95,,,,5,2026-06-08
RIVER BICYCLES,138 HAMILTON AVE,GREENWICH,CT,06830,5,2026-07-15
CARINE JOANNOU PERSONAL,251 GILMAN HILL RD,MASON,NH,03048,4,2026-06-10
IGOR DOES MY BIKE,IGOR KOLOMIYCHENKO LLC 5454 N BROADWAY ST,CHICAGO,IL,60640,4,2026-07-31
"TED'S BICYCLES, INC",3016 N HANCOCK AVE,COLORADO SPRING,CO,80907,4,2026-07-30
4 SEASONS REC OUTFITTERS,PO BOX 4573,SUNRIVER,OR,97707,4,2026-07-13
BETHESDA BIKE & SKI,6971 arlington rd ste g,BETHESDA,MD,20814,3,2026-07-01
BUMBLEEBEE BIKE RENTALS LLC,16400 US HWY 331 S SUITE B2 #258,FREEPORT,FL,32439,3,2026-07-10
PARK CITY BIKE & DEMO,RTD C3 LLC 102 WHITE PINE CANYON RD,PARK CITY,UT,84060,3,2026-07-13
"SPOKES, INC",427 MAIN ST,WINDSOR,CO,80550,3,2026-08-03
HOUSE OF BICYCLES,10140 MCKINLEY HWY,OSCEOLA,IN,46561,3,2026-07-30
DONATIONS 2026,,,,,3,2026-06-15
OZK BIKE FIT & CYCLES,"6028 w stoney brook rd, ste 3",rogers,AR,72758,2,2026-03-24
STEVEN'S BICYCLE SHOP,1365 n willoow ave #150,clovis,CA,93619,2,2026-07-10
ERNIE'S CYCLE SHOP,105 conant street,westbrook,ME,04092,2,2026-03-17
BIKE BOSS LLC,49 S SYCAMORE STE 2,MESA,AZ,85202,2,2026-06-30
DVC MANAGEMENT LLC,ATTN: GWYNETH JORDAN 22 HARBOURSIDE LN - 1112,HILTON HEAD ISL,SC,29928,2,2026-07-29
AMAGANSETT BEACH & BICYCLE,624 MONTAUK HWY,AMAGANSETT,NY,11930,2,2026-06-25
GARY'S BIKES,K&E ENTERPRISES LLC 5109 N EDGEWOOD DR,PROVO,UT,84604,2,2026-06-30
SWITCHBACK SPORTS,1245 DERR VALLEY DR PARK CITY UT,,,,2,2026-07-16
CONFLUENCE CYCLERY,500 HUGART ST,CONFLUENCE,PA,15424,2,2026-06-30
BEVERLY BIKES,132 DODGE ST,BEVERLY,MA,01915,2,2026-08-17
MOUNTAIN BIKE ACTION,MOUNTAIN BIKE ACTION 116 JACOBS WOODS CIR,TROUTMAN,NC,28166,2,2026-07-14
VILLAGE CYCLE SHOPPE,CHARCOAL SPARKLE LLC 629 BREVARD AVE,COCOA,FL,32922,2,2026-07-14
"BUCHANAN BICYCLES, INC",561 BUCHANAN AVE,NORMAN,OK,73069,2,2026-08-13
UPTOWN CYCLERY,,,,,2,2026-05-26
ESPRESSO BICYCLE REPAIR,7616 lockwood ridge road,SARASOTA,FL,34243,2,2026-05-05
NICA NEW JERSEY,,,,,2,2026-02-20
BIG SWINGIN' CYCLES,,,,,2,2026-03-24
JAX INC lafayette,,,,,2,2026-05-15
ITASCA,4322 223RD STREET,SAINT AUGUSTA,MN,56301,1,2026-02-16
UNIVERSITY OF MARYLAND,bo17oc eppley rec center 4128 valley drive,COLLEGE PARK,MD,20742,1,2026-03-24
grinnell college,1201 10th ave,grinnell,IA,50112,1,2026-02-25
C & W CYCLE,702 north st,morenci,MI,49256,1,2026-02-27
1000 acres ranch resort,465 warrensburg road,stoney creek ,NY,12878,1,2026-02-17
CIGI BICYCLE SHOP,03 3953 GN N BEATNIK 48 2025 MASH 403.95 807.90 03 3955 GN N BEATNIK 51 2025 MASH 403.95 807.90 03 3956 GY N BEATNIK 51 2025 SMOKE 403.95 1211.85,JACKSON HEIGHTS,NY,11372,1,2026-06-08
MORRISSEY CYCLES,03 3606 BL N HUDSON E2 S/T 14 2025 DEEP BLU 1072.95 1072.95 03 4067 BL N EXPLORER A2 17 2025 DEEP BLUE 388.95 388.95 03 4086 SL N TRL XR 19 2025 NICKEL 333.95 333.95,,,,1,2026-08-06
SILVER CYCLES,TSL SOLUTIONS LLC 8307 DIXON AVE,SILVER SPRINGS,MD,20910,1,2026-06-19
MONTAUK CYCLE COMPANY,463 W LAKE DR,MONTAUK,NY,11954,1,2026-06-25
KOKOMO BICYCLE GARAGE,1708 W BOULDEVARD,KOKOMO,IN,46902,1,2026-06-26
CHAIN REACTION,CHAIN REACTION LLC 996 GREEN BAY RD,WINNETKA,IL,60093,1,2026-06-26
DAKS BICYCLE DEN LLC,8790 MONGO WAY UNIT 7,MECHANICSVILLE,VA,23116,1,2026-06-30
BOISE STATE UNIVERSITY,CYCLE LEARNING CENTER 1910 UNIVERSITY DR,BOISE,ID,83725,1,2026-07-13
H H BICYCLES,1135 KY 501 S,LIBERTY,OH,42539,1,2026-07-13
JAMIS CONSUMER ALL ACCESS,1970 ASHLAND AVE,SAINT PAUL,MN,55104,1,2026-08-24
KNEPPS BICYCLE SALES & SVC LLC,6028 N 850 E,MONTGOMERY,IN,47558,1,2026-07-28
JAMIS CONSUMER ALL ACCESS,163 BEACH 116TH ST,ROCKAWAY PARK,NY,11964,1,2026-08-24
JAMIS CONSUMER ALL ACCESS,950 1ST ST,Q DES MOINES,IA,50265,1,2026-08-24
DAVE ROSEN PERSONAL ACCOUNT,EMPLOYEE PURCHASE,,,,1,2026-08-03
DVC MANAGEMENT LLC,9265 ISLAND GROVE CIR ATTN: MATTHEW DYNE,VERO BEACH,FL,32963,1,2026-07-29
FACEBOOK SALES,16049 VAN BUREN ST,WEST OLIVE,MI,49460,1,2026-08-03
JAMIS CONSUMER ALL ACCESS,COOL CAT CYCLES LLC 22010 WESTHEIMER PKWY,KATY,TX,77450,1,2026-08-24
HIGHLANDER BICYCLE COMPANY,28 1ST AVE,ATLANTIC HIGHLD,NJ,07716,1,2026-03-18
SHREWSBURY BICYCLES INC.,765 BROAD ST,SHREWSBURY,NJ,07702,1,2026-07-31
FACEBOOK SALES,5258 THUNDER LN,PATRICK AFB,FL,32925,1,2026-08-03
JAMIS CONSUMER ALL ACCESS,36 N ST,MCSHERRYTOWN,PA,17344,1,2026-08-24
JAMIS CONSUMER ALL ACCESS,2361 MISSION ST,SANTA CRUZ,CA,95060,1,2026-08-24
RAGGED RIDGE BIKE SHOP,1415 BRIGGS RD,FRANKFORT,OH,45628,1,2026-08-17
JAMIS CONSUMER ALL ACCESS,852 S STATE ST RT 291,LIBERTY,MO,64068,1,2026-08-24
VORTEX PERFORMANCE CYCLES LLC,153 S MAIN ST,DUBLIN,PA,18917,1,2026-08-21
KINGS BICYCLE STORE,17771 SAMPSON LN UNIT A,HUNTINGTON BCH,CA,92647,1,2026-08-24
TRACKSTAND CYCLERY,,,,,1,2026-03-25
JAMIS WARRANTY,,,,,1,2026-05-27
ROAD & TRAIL BICYCLES,,,,,1,2026-06-01
BIKE STUDIO MIAMI,,,,,1,2026-04-20
GREEN HATS RENTALS,841 cherokee street,SUMMERLAND KEY,FL,33042,1,2026-04-14
SVEN'S BICYCLES OF ANACONDA,,,,,1,2026-04-01
NEW PALTZ BIKING,88 north chestnut st,NEW PALTZ,NY,12561,1,2026-04-22
Fedex,,,,,1,2026-03-12
SHARKY'S BIKE AND SURF,,,,,1,2026-06-03
Pick-up,,,,,1,2026-02-10
MEDINA E-RIDE CO,,,,,1,2026-06-03
PEDAL E-BIKES,3350 old hwy,62e MOUNT VERNON,IN,47620,1,2026-05-01
TUCSON ENDURANCE PERFORMANCE,,,,,1,2026-04-20
MR. SERVICE,,,,,1,2026-04-27
bike fix utah,,,,,1,2026-06-01
Test,,,,,1,2026-06-05
CYCLES BAHAMAS,,,,,1,2026-03-05
LEWIS ELI EVERETT,,,,,1,2026-02-20
INDUSTRY PURCHASE,,,,,1,2026-03-26
ROBERT'S BICYCLES INC,,,,,1,2026-06-01
HITCHHIKER BIKE SHOP,,,,,1,2026-05-26
Scagit cycle center,,,,,1,2026-02-19
KIM CHURCHILL,,,,,1,2026-04-06
ANDY GAGNE,,,,,1,2026-04-06
ISLAND RENTAL,,,,,1,2026-04-27
HIGHLANDER BICYCLE COMPANY,,,,,1,2026-03-18
ttttt3,,,,,0,
Moore's bicycle shop inc,,,,,0,
HELIOCENTRIC ENTERPRISES LLC,,,,,0,
