pickd_name,pickd_street,city,state,zip,orders,fsm_recipients_known
ALLJOY BIKE & BEACH RENTAL CO,360 spanish wells rd unit 2h,HILTON HEAD ISLAND,SC,29926,1,112500 (29910) | ALLJOY BIKE & BEACH RENTA (29910) | ALLJOY BIKE (29910)
MARRIOTT VACATION CLUB INT'L,4000 MARRIOT DRIVE,PANAMA CITY,FL,32408,2,1060900 (29928)
TAYLOR'S BIKE SHOP,1520 N FREEDOM BLVD,PROVO,UT,84604,2,TAYLOR (84065)
MAKLIN BIKE SHOP,14758 oakhill rd,scandia,MN,55073,3,MAKLIN (55074) | MAKLIN BIKE SHOP (55074)
WYCKOFF CYCLE LLC,PO BOX 335,FRANKLIN LAKES,NJ,07417,5,603400 (07481) | WYCKOFF (07481) | WYCKOFF CYCLE  (07481)
4 SEASON CYCLE,501 13TH ST,FRANKLIN,PA,16323,4,4 SEASON CYCLE (16415)
LOYAL CYCLE CO,1075 S 100 E,BOUTIFUL,UT,84010,4,712500 (84025) | 712501 (84025) | LOYAL CYCLE CO (84025)
THE BIKERY,MIRTH ENTERPRIZES LLC 2994 BREWERY LN,LITTLETON,CO,80120,1,THE BIKERY (33712)
ROCK 'N ROAD CYCLE,100 N 7TH ST,GRAND HAVEN,MI,49417,2,ROCK N ROAD CYCLE (49424)
LIVE WELL 30,"7195 US HWY 98 E,",INLET BEACH,FL,32461,2,LIVE WELL 30 (32459)
BARNEY'S BICYCLES,582 PARK AVE,WORCESTER,MA,01603,1,BARNEY (01609)
STELLAR CYCLEWORKS LLC,2220 W N AVE,CHICAGO,IL,60647,2,STELLAR (60651)
JOHN EPPLEY,JOHN EPPLEY 3350 OLD HWY 62 E,MOUNT VERNON,IN,47620,4,JOHN EPPLEY (48128)
ADVENTURE EARTH,J&C JAMESON ENTERPRISES INC 2039 AIRPORT BLVD,MOBILE,AL,36606,3,752300 (36695) | 7535 (36695) | ADVENTURE EARTH (36695)
PADIS PEDAL POWER,1955 ROUTE 35N,ORTLEY BEACH,NJ,08751,2,807100 (08753) | PADIS  (08753) | PADIS (08753) | PADIS PEDAL POWER (08753)
"BRYSON CITY OUTDOORS, INC",516 TSALI BLVD,CHEROKEE,NC,28719,2,"BRYSON CITY OUTDOORS, INC (28713)"
BOB'S BIKE SHOP,3133 S RIDGEWOOD AVE,S. DAYTONA,FL,32119,2,1227900 (32129) | BOB'S  (32129) | BOB'S BIKE SHOP (32129)
WYCKOFF CYCLE LLC,PO BOX 335,FRANKLIN LAKES,NJ,07417,2,603400 (07481) | WYCKOFF (07481) | WYCKOFF CYCLE  (07481)
LIVE WELL 30,"7195 US HWY 98 E,",INLET BEACH,FL,32461,0,LIVE WELL 30 (32459)
KREB CYCLE,496 MONTAUK HWY,EASTPORT,NY,11941,1,KREB CYCLE (11713)
KREB CYCLE,496 MONTAUK HWY,EASTPORT,NY,11941,1,KREB CYCLE (11713)
LIVE WELL 30,"7195 US HWY 98 E,",INLET BEACH,FL,32461,0,LIVE WELL 30 (32459)
LIVE WELL 30,"7195 US HWY 98 E,",INLET BEACH,FL,32461,0,LIVE WELL 30 (32459)
LIVE WELL 30,"7195 US HWY 98 E,",INLET BEACH,FL,32461,0,LIVE WELL 30 (32459)
LIVE WELL 30,"7195 US HWY 98 E,",INLET BEACH,FL,32461,1,LIVE WELL 30 (32459)
LIVE WELL 30,"7195 US HWY 98 E,",INLET BEACH,FL,32461,0,LIVE WELL 30 (32459)
BIKE NEW YORK,4014 1ST AVE SUITE 26-315,BROOKLYN,NY,11232,3,BIKE NEW YORK (10115)
LIVE WELL 30,"7195 US HWY 98 E,",INLET BEACH,FL,32461,0,LIVE WELL 30 (32459)
