sku,location,stock,total_orders
03-3981GY,ROW 43,160,81
03-3979GY,ROW 42,164,61
03-3980BL,ROW 34,93,49
03-3987GY,ROW 25,16,49
03-3869BL,ROW 41,62,45
03-3978BL,ROW 42,265,42
03-3983GY,ROW 43,238,40
03-3870BL,ROW 41,64,39
03-4664BR,ROW 9,38,37
03-4081BK,ROW 43,6,34
03-4666BR,ROW 12,41,31
03-3731GY,ROW 1,19,31
03-3977GY,ROW 41,49,30
03-3868BL,ROW 1,21,29
03-4667BR,ROW 3,33,28
03-4082SL,ROW 8,3,28
03-3740BK,ROW 1,47,28
03-3934MN,ROW 42,2,28
03-3926BL,ROW 42,1,27
03-3927BK,ROW 1,10,27
03-4067BL,ROW 41,85,27
06-4427RB,ROW 42,1,27
07-3664PK,ROW 17,24,26
03-4868BL,ROW 43,22,26
03-3910GY,ROW 25,1,25
03-4513GY,ROW 3,15,25
03-4069BL,ROW 6,37,25
07-3690BL,ROW 16,46,24
03-3769BLD,ROW 41,81,24
03-4068BK,ROW 43,173,24
06-4284TL,ROW 17,73,23
07-3663BL,ROW 17,19,22
03-3928BL,ROW 43,44,22
07-3689WH,ROW 16,28,21
03-3606BL,ROW 51,16,21
03-3971MN,ROW 26,2,21
03-3982BL,ROW 42,272,21
03-4623BL,ROW 34,25,21
03-3733GY,ROW 9,48,20
03-4637MN,ROW 12,22,20
06-4572GY,ROW 3,20,20
03-3871BL,ROW 25,17,20
03-3732BL,ROW 1,31,20
03-4253BK,ROW 7,1,20
03-3804BL,ROW 22,1,20
03-4866BL,ROW 42,3,20
03-4627BR,ROW 27,10,19
03-3933BK,ROW 1,65,19
03-4514GY,ROW 38,3,19
03-3805BL,ROW 26,1,18
06-4584BL,ROW 37,1,17
03-4635MN,ROW 2,26,17
03-4517BL,ROW 22,25,17
03-4040BK,ROW 7,26,17
03-3922BL,ROW 1,52,17
06-4430RB,ROW 23,1,17
03-3743GN,ROW 28,36,17
03-3794RD,ROW 28,1,17
03-4810BK,ROW 8,15,16
03-4084SL,ROW 41,50,16
03-3936MN,ROW 42,45,16
03-4083BK,ROW 1,43,16
03-3931BK,"42 BURIED, ROW 28",53,16
03-4869MN,ROW 43,32,16
03-3976BL,ROW 34,134,16
03-4268BK,ROW 25,22,16
03-4539GY,ROW 27,11,16
03-3803BL,ROW 42,1,16
03-4037BK,ROW 26,51,15
07-3672SG,ROW 16,3,15
03-4624BL,ROW 34,30,15
03-3793PD,ROW 6,7,15
03-3999PD,ROW 2,10,14
03-3751BL,ROW 9,17,14
06-4435BK,ROW 41,64,14
06-4438BK,ROW 30,17,14
03-4628BR,ROW 43,14,14
03-4537GY,ROW 29,11,14
03-4639MN,ROW 9,12,14
03-4516BL,ROW 22,7,14
03-4865GY,ROW 42,3,14
03-4529GY,ROW 7,10,14
03-4546MN,ROW 22,7,14
03-4039BR,ROW 24,14,14
03-4065BL,ROW 33,50,14
06-4563BL,ROW 22,40,14
03-4809RD,ROW 8,6,13
06-4454BK,ROW 29,16,13
03-3985GY,ROW 7,56,13
03-3906GY,ROW 37,2,13
06-4607OR,ROW 7,6,13
06-4455SL,ROW 2,5,13
03-3736BK,ROW 37,1,13
03-3848BL,ROW 27,5,13
03-4812BK,ROW 6,23,12
06-4638BK,ROW 32,28,12
03-4041BL,ROW 31,28,12
03-4038BL,ROW 34,163,12
03-3905BL,ROW 2,5,12
03-4035BL,ROW 43,196,12
03-4864BL,ROW 42,5,12
03-3778BK,ROW 9,35,12
03-3955GN,ROW 24,8,12
03-4072BK,ROW 43,99,12
03-3724RD,ROW 31,1,12
03-4622BL,ROW 16,1,12
03-4693GY,ROW 6,3,12
03-3935BK,ROW 30,35,11
07-3671SG,ROW 16,5,11
03-4086SL,ROW 42,43,11
03-4094BL,ROW 42,40,11
03-4636RD,"ROW 12, ROW 2",10,11
03-4085BK,"PALLETIZED, ROW 7",65,11
03-4541GY,ROW 25,6,11
03-3837BK,ROW 26,13,11
03-4066BK,"ROW 41, ROW 6",84,11
06-4654PU,ROW 20B,14,11
03-3930BL,ROW 26,10,11
03-3802BL,ROW 29,3,11
03-3998BL,ROW 37,2,10
03-4034BK,ROW 34,143,10
03-3742BK,ROW 25,65,10
03-4638RD,ROW 8,7,10
03-3916BR,ROW 29,1,10
03-4093SL,ROW 24,12,10
06-4573GY,ROW 24,29,10
06-4453BL,ROW 2,13,10
03-3676BL,ROW 10,1,10
03-4808BK,ROW 4,1,9
03-3607GY,ROW 51,45,9
03-4091SL,ROW 28,18,9
06-4452SL,ROW 5,9,9
03-4811RD,ROW 7,12,9
03-4634RD,ROW 7,8,9
03-4024BL,ROW 25,20,9
03-3921BK,ROW 33,19,9
03-3768BLD,ROW 43,152,9
03-3726RD,ROW 29,41,9
06-4485BL,ROW 2,27,9
03-4665GN,ROW 1,51,9
03-4631GY,ROW 27,27,9
06-4652BK,ROW 20B,16,9
06-4637OR,ROW 22,15,9
03-3929BK,ROW 8,11,9
03-4608BL,ROW 51,4,9
06-4562BL,ROW 2,42,9
03-3872BL,ROW 25,29,9
03-3854GY,ROW 23,10,9
03-4070BL,ROW 43,206,8
03-3965BL,ROW 6,18,8
06-4470TL,ROW 7,40,8
06-4641BK,ROW 25,5,8
06-4432BK,ROW 1,42,8
07-3698GN,ROW 17,1,8
03-3777RD,ROW 30,23,8
06-4456BL,ROW 23,14,8
03-4258BL,ROW 23,1,8
03-4276BK,ROW 37,1,8
03-4805RD,ROW 11,1,7
03-4806BK,ROW 7,16,7
03-4009SL,ROW 37,2,7
06-4458SL,ROW 23,12,7
07-3684BL,ROW 17,1,7
03-3752GY,ROW 30,24,7
03-4530GY,ROW 7,6,7
03-4660YL,ROW 7,6,7
07-3673BK,ROW 17,1,7
03-3735GY,"ROW 42, ROW 8",79,7
03-4540BL,ROW 24,17,7
03-3962GY,ROW 3,16,7
03-4058BL,ROW 7,4,7
06-4564BL,ROW 16,4,7
03-4692GY,ROW 29,2,7
03-4071BL,ROW 27,55,7
03-4611BK,ROW 51,17,7
03-4266BK,ROW 33,16,7
03-3858BL,ROW 27,12,7
09-4827CL,CAGE 3,6,7
03-4807RD,ROW 5,1,6
03-4664YL,ROW 2,26,6
03-3853GY,ROW 23,21,6
03-3956GY,ROW 24,20,6
03-3734BL,ROW 8,69,6
03-4528GY,"ROW 38, ROW 6",17,6
03-3958GY,ROW 37,5,6
03-4547MN,ROW 2,5,6
03-4663GN,ROW 1,68,6
03-4662YL,ROW 3,39,6
03-4159BL,ROW 30,33,6
03-4619GN,ROW 34,23,6
03-4267GN,ROW 6,13,6
03-3745GN,ROW 28,8,6
03-3859BL,ROW 9,7,6
03-4465BR,ROW 9,5,6
03-3960GY,ROW 6,3,6
03-4538BL,ROW 25,3,6
03-3791PD,ROW 37,1,6
03-3744BK,ROW 42,55,5
06-4616RD,ROW 38,3,5
03-4375GN,ROW 22,15,5
03-4607BL,ROW 51,9,5
03-4632GY,ROW 27,29,5
06-4617RD,ROW 24,27,5
09-4828CL,CAGE 2,12,5
03-3788BL,ROW 30,10,5
03-4542BL,ROW 6,8,5
03-3918GN,ROW 28,6,5
03-4241GY,ROW 28,6,5
03-4545MN,ROW 22,5,5
03-4618GN,ROW 43,5,5
03-4691GY,ROW 26,5,5
03-3957GN,ROW 26,4,5
03-4248GY,ROW 25,3,5
03-4261BR,ROW 38,1,5
06-4450BL,ROW 23,16,4
03-4370BL,ROW 8,14,4
03-3753BL,ROW 28,44,4
03-4025GY,ROW 27,20,4
03-4630GY,ROW 27,8,4
03-3654GY,ROW 10,12,4
03-4533BL,ROW 7,12,4
03-3993PD,ROW 37,2,4
03-3984BL,ROW 41,84,4
06-4605OR,ROW 26,36,4
03-4620GN,ROW 16,28,4
03-3855GY,ROW 24,25,4
06-4604OR,ROW 29,20,4
03-3677BL,ROW 10,8,4
03-3843BL,ROW 26,6,4
03-4694GY,ROW 43,6,4
03-3851BL,ROW 26,4,4
03-4211GY,ROW 29,4,4
06-4566VL,ROW 37,1,3
06-4587RD,ROW 24,12,3
03-3953GN,ROW 26,11,3
03-3848BK,ROW 37,2,3
03-3779RD,ROW 22,113,3
06-4606OR,ROW 25,49,3
03-4161BL,ROW 2,38,3
03-4466BR,ROW 6,13,3
03-4260BR,ROW 28,9,3
09-4829CL,CAGE 1,8,3
03-3847BK,ROW 28,7,3
03-4616BK,ROW 10,7,3
03-4633GY,ROW 27,7,3
03-4240GY,ROW 24,6,3
03-4001PD,ROW 26,5,3
03-4467BR,ROW 8,5,3
03-3919GN,ROW 29,4,3
03-4543GY,ROW 29,4,3
03-3727BK,ROW 37,2,3
03-4610BK,ROW 51,2,3
03-3834BL,ROW 37,1,3
06-4515BK,ROW 8,21,2
03-4374GN,ROW 8,3,2
07-3629RD,ROW 17,5,2
03-4371BL,ROW 28,16,2
06-4519BK,ROW 28,4,2
07-3692BL,ROW 17,4,2
03-3846BL,ROW 28,8,2
03-3913BR,ROW 24,8,2
03-3382BK,ROW 23,4,2
03-3766BK,ROW 8,3,2
03-4369BL,ROW 29,2,2
06-4473TL,ROW 23,64,2
03-3836BK,ROW 9,44,2
03-4160GN,ROW 6,42,2
03-3857BL,ROW 29,33,2
03-3852GY,ROW 33,29,2
03-4515GY,ROW 23,18,2
03-3842BL,ROW 30,11,2
03-4535GY,ROW 24,11,2
03-3699GY,ROW 10,8,2
03-4615BK,ROW 16,8,2
03-4464BR,ROW 9,6,2
03-4372BL,ROW 24,5,2
03-4376GN,ROW 8,5,2
03-4531GY,ROW 22,5,2
03-4534BL,ROW 23,5,2
03-3659BK,ROW 10,4,2
03-3845BR,ROW 22,4,2
03-4460GN,ROW 23,4,2
03-4544BL,ROW 26,4,2
03-3843BR,ROW 30,3,2
03-3917BR,ROW 7,3,2
03-4228BL,ROW 37,3,2
03-4695GY,ROW 26,3,2
03-4051PD,ROW 38,2,2
03-3767MN,ROW 38,1,2
03-3810GN,ROW 37,1,2
03-3911MN,ROW 37,1,2
03-4052BL,ROW 38,1,2
03-4473BK,ROW 37,1,2
03-4704GY,ROW 43,1,1
03-4707GY,ROW 43,16,1
03-3964GY,ROW 24,23,1
03-4612BK,ROW 51,24,1
03-3698BK,ROW 10,14,1
03-4625BL,ROW 16,14,1
03-3700BK,ROW 16,12,1
03-3754GY,ROW 31,12,1
03-3655GY,ROW 10,11,1
03-3660BK,ROW 10,11,1
03-3702BK,ROW 10,9,1
03-4527GY,ROW 26,9,1
03-4247GY,ROW 26,8,1
650008,FDX STATION,8,1
03-3787BL,ROW 29,7,1
03-3877GY,ROW 26,7,1
09-4802BK,CAGE,7,1
06-4586BL,ROW 27,6,1
03-4213GY,ROW 30,5,1
03-4532BL,ROW 22,5,1
09-4830CL,CAGE,5,1
03-3656GY,ROW 10,4,1
03-3667BL,CAGE 3,4,1
03-3886RD,ROW 29,4,1
03-4246GY,ROW 29,3,1
01-0440,ROW 33,2,1
03-3696BK,ROW 10,2,1
03-3699BL,ROW 10,2,1
03-4201GN,ROW 37,2,1
06-4523BK,ROW 37,2,1
07-3626BL,ROW 17,2,1
01-0074,ROW 24,1,1
01-0082,ROW 24,1,1
01-0311,ROW 24,1,1
01-0326,ROW 24,1,1
01-0360,ROW 24,1,1
01-0363,ROW 24,1,1
01-0453,ROW 33,1,1
01-0465,ROW 33,1,1
010539,ROW 33,1,1
03-3646OR,ROW 16,1,1
03-3817GY,ROW 37,1,1
03-3969BL,ROW 37,1,1
03-3995PD,ROW 37,1,1
03-4028BL,ROW 37,1,1
03-4203BR,ROW 37,1,1
03-4457GN,ROW 23,1,1
033780BL,ROW 43,1,1
06-4588BL,ROW 29,45,0
03-4158GN,ROW 27,36,0
06-4516KW,ROW 24,32,0
06-4590BL,ROW 29,27,0
03-3755BL,"ROW 28, ROW 30",25,0
03-4212GY,ROW 30,17,0
03-3864BK,ROW 28,10,0
03-3856GY,ROW 27,9,0
03-3668BL,CAGE 3,6,0
06-4585RD,ROW 23,6,0
03-3842BR,ROW 22,5,0
03-3846BR,ROW 30,5,0
03-4229BL,ROW 37,5,0
03-4463BR,ROW 27,5,0
03-4606BL,ROW 51,5,0
03-4609BL,ROW 51,5,0
03-4613BK,ROW 51,5,0
03-4614BK,ROW 16,5,0
03-4617BK,ROW 16,5,0
03-4621GN,ROW 43,5,0
03-3062CL,ROW 28,4,0
03-3701GY,ROW 10,4,0
03-3847BL,ROW 22,4,0
03-4536BL,ROW 28,4,0
01-0133,ROW 33,3,0
03-3058CL,ROW 38,3,0
03-3060CL,ROW 38,3,0
03-3502BL,ROW 38,3,0
03-3647OR,ROW 10,3,0
03-3661BK,ROW 10,3,0
03-3845BL,ROW 38,3,0
03-4200GN,ROW 29,3,0
03-4230BL,ROW 27,3,0
06-4297RD,ROW 37,3,0
06-4457RD,ROW 27,3,0
07-3642VL,ROW 20,3,0
01-0482,ROW 33,2,0
01-8771SL,E47,2,0
01-8798BK,E47,2,0
01-8803GN,E47,2,0
02-2404BL,E47,2,0
02-3651GN,ROW 33,2,0
02-5352WH,E47,2,0
03-2540WH,ROW 37,2,0
03-3516BL,ROW 37,2,0
03-3651GN,ROW 10,2,0
03-3669BL,CAGE,2,0
03-3892RD,ROW 37,2,0
03-4023SL,ROW 37,2,0
03-4207BR,ROW 37,2,0
03-4231BL,ROW 38,2,0
03-4449BK,ROW 37,2,0
03-4455BL,ROW 37,2,0
03-4456BL,ROW 23,2,0
03-4458GN,ROW 37,2,0
03-4461GN,ROW 37,2,0
03-4462GN,ROW 38,2,0
792282670112,FDX,2,0
00-0000,CAGE,1,0
01-0077,ROW 20,1,0
01-0145,ROW 20,1,0
01-0175,ROW 33,1,0
01-0267,ROW 33,1,0
01-0273,ROW 20,1,0
01-0286,ROW 21,1,0
01-0293,ROW 20,1,0
01-0314,ROW 33,1,0
01-0340,ROW 22,1,0
01-0349,ROW 23,1,0
01-0357,ROW 21,1,0
01-0368,ROW 23,1,0
01-0376,ROW 20,1,0
01-0379,ROW 33,1,0
01-0384,ROW 33,1,0
01-0400,ROW 33,1,0
01-0406,ROW 33,1,0
01-0408,ROW 33,1,0
01-0415,ROW 33,1,0
01-0417,ROW 33,1,0
01-0419,ROW 33,1,0
01-0420,ROW 33,1,0
01-0422,ROW 21,1,0
01-0429,ROW 20,1,0
01-0437,ROW 33,1,0
01-0442,ROW 33,1,0
01-0446,ROW 33,1,0
01-0455,ROW 33,1,0
01-0456,ROW 33,1,0
01-0463,ROW 33,1,0
01-0471,ROW 33,1,0
01-0472,ROW 33,1,0
01-0474,ROW 33,1,0
01-0475,ROW 23,1,0
01-0476,ROW 22,1,0
01-0477,ROW 33,1,0
01-0483,ROW 33,1,0
01-0484,ROW 22,1,0
01-0487,ROW 22,1,0
01-0489,ROW 22,1,0
01-0513,ROW 33,1,0
01-0557,ROW 22,1,0
01-2990,ROW 22,1,0
01-2994,ROW 21,1,0
01-512,ROW 20,1,0
01-513,SD,1,0
01-515,ROW 22,1,0
01-518,SD,1,0
01-520,ROW 22,1,0
01-522,ROW 23,1,0
01-525,SD,1,0
01-526,SD,1,0
01-528,SD,1,0
01-530,ROW 23,1,0
01-534,ROW 23,1,0
01-537,ROW 20,1,0
02-2648OR,ROW 33,1,0
02-2649OR,ROW 33,1,0
02-3169BR,ROW 33,1,0
02-3643BK,ROW 33,1,0
02-3648OR,ROW 33,1,0
02-3652GN,ROW 33,1,0
02-3669BL,ROW 33,1,0
02-3673RD,ROW 33,1,0
03-1293BK,ROW 20,1,0
03-3027CL,ROW 32,1,0
03-3031SL,ROW 37,1,0
03-3161GY,ROW 37,1,0
03-3300BL,ROW 20,1,0
03-3313GY,ROW 20,1,0
03-3373CL,ROW 20,1,0
03-3492BL,ROW 32,1,0
03-3517BL,ROW 37,1,0
03-3604BL,ROW 51,1,0
03-3648OR,ROW 10,1,0
03-3666Bl,CAGE,1,0
03-3697BL,ROW 10,1,0
03-3709BL,ROW 37,1,0
03-3719GY,ROW 37,1,0
03-3747BL,ROW 37,1,0
03-3781BL,ROW 37,1,0
03-3801PD,ROW 37,1,0
03-3807GN,ROW 37,1,0
03-3861BK,ROW 32,1,0
03-3882BK,ROW 32,1,0
03-3885BK,ROW 32,1,0
03-3895BL,ROW 32,1,0
03-3937BL,ROW 37,1,0
03-3966BL,ROW 32,1,0
03-4026BL,ROW 37,1,0
03-4029GY,ROW 37,1,0
03-4208GY,ROW 37,1,0
03-4227BL,ROW 37,1,0
03-4237GY,ROW 37,1,0
03-4448BK,ROW 37,1,0
03-4450BK,ROW 38,1,0
03-4454BL,ROW 38,1,0
03-4710BL,ROW 37,1,0
06-4294MVC,ROW 37,1,0
06-4448WH,ROW 38,1,0
06-4611GN,ROW 32,1,0
06-4614GN,ROW 32,1,0
06-4615GN,ROW 32,1,0
06-4627LDV,ROW 37,1,0
07-3529BL,ROW 37,1,0
07-3639GR,ROW 20,1,0
07-3641RD,ROW 20,1,0
09-4841BK,CAGE 1,1,0
09-4847BK,CAGE,1,0
463475747080,FDX RETURNS,1,0
496942473266,FDX 1,1,0
792212140716,FDX 1,1,0
792267104817,FDX 1,1,0
792267240082,FDX 1,1,0
792270149760,FDX 1,1,0
792270157942,FDX 1,1,0
792270166329,FDX 1,1,0
792270173445,FDX 1,1,0
792284968385,FDX 1,1,0
792305026846,FDX 1,1,0
792307735717,FDX RETURNS,1,0
792316493988,FDX,1,0
792324452872,FDX 1,1,0
792327772908,FDX,1,0
792331192376,FDX RETURNS,1,0
792334134729,FDX,1,0
792338327100,FDX,1,0
792387370780,FDX RETURNS,1,0
792414564219,FDX RETURNS,1,0
792456707453,FDX RETURNS,1,0
792460303910,FDX RETURNS,1,0
792489808524,FDX RETURNS,1,0
792490352439,FDX RETURNS,1,0
792538229447,FDX RETURNS,1,0
792554003492,FDX RETURNS,1,0
792554018782,FDX RETURNS,1,0
793434393472,FDX RETURNS,1,0
872080215614,FDX RETURNS,1,0
872080215625,FDX RETURNS,1,0
872080215636,FDX RETURNS,1,0
9400130109355378930996,FDX RETURNS,1,0
E19K01F0044,ROW 20,1,0
F357381,ROW 20,1,0
G220509521,ROW 22,1,0
GC0047010,ROW 23,1,0
H6K01013,ROW 20,1,0
M12035084,ROW 20,1,0
M21I014707,ROW 22,1,0
M25C000931,ROW 22,1,0
U20U01256,ROW 20,1,0
WAKDG0167,ROW 21,1,0
WAKDG1620,ROW 22,1,0
WE9H00107,ROW 22,1,0
WGCJ00001,ROW 23,1,0
WK5G00305,ROW 20,1,0
WMCJ00042,ROW 23,1,0
WMGC00055,ROW 21,1,0
WRCF01230,ROW 23,1,0
WRCJ00169,ROW 23,1,0
WYFB0049,ROW 21,1,0
WYFC00096,ROW 21,1,0
Y21A003411,ROW 20,1,0
Y21B008528,ROW 20,1,0
Y21G006518,ROW 22,1,0
Y21G008530,ROW 22,1,0
Y21K016654,ROW 22,1,0
Y21K017680,ROW 22,1,0
Y22000874,ROW 24,1,0
Y22A000885,ROW 20,1,0
Y22A016211,ROW 24,1,0
Y22B006183,ROW 22,1,0
Y22B010415,ROW 24,1,0
Y22C004164,ROW 22,1,0
Y22E004693,ROW 22,1,0
Y22E007755,ROW 20,1,0
